1,2,3,4,5,6,7,8,9,10,11,12,13,14,15,16,17,18
,1,37,,72,,2017-09-01 12:38:32 PM,40.76727216,,-73.99392888,,W 52 St & 11 Ave,,W 52 St & 11 Ave,1,In Service,False,39
,0,3,,79,,2017-09-01 12:11:12 PM,40.71911552,,-74.00666661,,Franklin St & W Broadway,,Franklin St & W Broadway,1,In Service,False,3
,12,13,,82,,2017-09-01 12:36:41 PM,40.71117416,,-74.00016545,,St James Pl & Pearl St,,St James Pl & Pearl St,1,In Service,False,27
,36,25,,83,,2017-09-01 12:38:29 PM,40.68382604,,-73.97632328,,Atlantic Ave & Fort Greene Pl,,Atlantic Ave & Fort Greene Pl,1,In Service,False,62
,8,29,,116,,2017-09-01 12:36:21 PM,40.74177603,,-74.00149746,,W 17 St & 8 Ave,,W 17 St & 8 Ave,1,In Service,False,39
,5,14,,119,,2017-09-01 12:38:46 PM,40.69608941,,-73.97803415,,Park Ave & St Edwards St,,Park Ave & St Edwards St,1,In Service,False,19
,0,19,,120,,2017-09-01 12:38:50 PM,40.68676793,,-73.95928168,,Lexington Ave & Classon Ave,,Lexington Ave & Classon Ave,1,In Service,False,19
,25,5,,127,,2017-09-01 12:37:05 PM,40.73172428,,-74.00674436,,Barrow St & Hudson St,,Barrow St & Hudson St,1,In Service,False,31
,25,5,,128,,2017-09-01 12:38:45 PM,40.72710258,,-74.00297088,,MacDougal St & Prince St,,MacDougal St & Prince St,1,In Service,False,30
,22,2,,143,,2017-09-01 12:38:26 PM,40.69239502,,-73.99337909,,Clinton St & Joralemon St,,Clinton St & Joralemon St,1,In Service,False,24
,13,5,,144,,2017-09-01 12:38:37 PM,40.69839895,,-73.98068914,,Nassau St & Navy St,,Nassau St & Navy St,1,In Service,False,19
,16,22,,146,,2017-09-01 12:38:57 PM,40.71625008,,-74.0091059,,Hudson St & Reade St,,Hudson St & Reade St,1,In Service,False,39
,1,30,,150,,2017-09-01 12:35:37 PM,40.7208736,,-73.98085795,,E 2 St & Avenue C,,E 2 St & Avenue C,1,In Service,False,31
,29,1,,151,,2017-09-01 12:37:17 PM,40.7221037867,,-73.9972490072,,Cleveland Pl & Spring St,,Cleveland Pl & Spring St,1,In Service,False,33
,19,7,,152,,2017-09-01 12:38:35 PM,40.71473993,,-74.00910627,,Warren St & Church St,,Warren St & Church St,1,In Service,False,29
,0,1,,153,,2017-08-28 09:20:28 AM,40.752062307,,-73.9816324043,,E 40 St & 5 Ave,,E 40 St & 5 Ave,3,Not In Service,False,24
,11,12,,157,,2017-09-01 12:37:45 PM,40.69089272,,-73.99612349,,Henry St & Atlantic Ave,,Henry St & Atlantic Ave,1,In Service,False,23
,34,0,,161,,2017-09-01 12:38:33 PM,40.72917025,,-73.99810231,,LaGuardia Pl & W 3 St,,LaGuardia Pl & W 3 St,1,In Service,False,35
,33,5,,164,,2017-09-01 12:39:18 PM,40.75323098,,-73.97032517,,E 47 St & 2 Ave,,E 47 St & 2 Ave,1,In Service,False,47
,13,31,,167,,2017-09-01 12:35:57 PM,40.7489006,,-73.97604882,,E 39 St & 3 Ave,,E 39 St & 3 Ave,1,In Service,False,45
,33,12,,168,,2017-09-01 12:36:37 PM,40.73971301,,-73.99456405,,W 18 St & 6 Ave,,W 18 St & 6 Ave,1,In Service,False,47
,10,36,,173,,2017-09-01 12:39:15 PM,40.760683271,,-73.9845272899,,Broadway & W 49 St,,Broadway & W 49 St,1,In Service,False,51
,1,29,,174,,2017-09-01 12:38:51 PM,40.7381765,,-73.97738662,,E 25 St & 1 Ave,,E 25 St & 1 Ave,1,In Service,False,30
,22,23,,195,,2017-09-01 12:36:23 PM,40.70905623,,-74.01043382,,Liberty St & Broadway,,Liberty St & Broadway,1,In Service,False,45
,11,17,,212,,2017-09-01 12:38:34 PM,40.74334935,,-74.00681753,,W 16 St & The High Line,,W 16 St & The High Line,1,In Service,False,28
,14,8,,216,,2017-09-01 12:35:38 PM,40.70037867,,-73.99548059,,Columbia Heights & Cranberry St,,Columbia Heights & Cranberry St,1,In Service,False,23
,6,30,,217,,2017-09-01 12:39:04 PM,40.70277159,,-73.99383605,,Old Fulton St,,Old Fulton St,1,In Service,False,39
,2,31,,223,,2017-09-01 12:38:02 PM,40.73781509,,-73.99994661,,W 13 St & 7 Ave,,W 13 St & 7 Ave,1,In Service,False,33
,0,0,,224,,1969-12-31 07:00:00 PM,40.71146364,,-74.00552427,,Spruce St & Nassau St,,Spruce St & Nassau St,3,Not In Service,False,0
,34,20,,228,,2017-09-01 12:38:33 PM,40.7546011026,,-73.971878855,,E 48 St & 3 Ave,,E 48 St & 3 Ave,1,In Service,False,55
,16,6,,229,,2017-09-01 12:38:58 PM,40.72743423,,-73.99379025,,Great Jones St,,Great Jones St,1,In Service,False,23
,22,1,,232,,2017-09-01 12:37:59 PM,40.69597683,,-73.99014892,,Cadman Plaza E & Tillary St,,Cadman Plaza E & Tillary St,1,In Service,False,23
,3,36,,236,,2017-09-01 12:36:40 PM,40.7284186,,-73.98713956,,St Marks Pl & 2 Ave,,St Marks Pl & 2 Ave,1,In Service,False,39
,10,29,,237,,2017-09-01 12:38:56 PM,40.73047309,,-73.98672378,,E 11 St & 2 Ave,,E 11 St & 2 Ave,1,In Service,False,39
,12,17,,238,,2017-09-01 12:39:03 PM,40.7361967,,-74.00859207,,Bank St & Washington St,,Bank St & Washington St,1,In Service,False,31
,10,20,,239,,2017-09-01 12:36:07 PM,40.69196566,,-73.9813018,,Willoughby St & Fleet St,,Willoughby St & Fleet St,1,In Service,False,31
,5,18,,241,,2017-09-01 12:37:57 PM,40.68981035,,-73.97493121,,DeKalb Ave & S Portland Ave,,DeKalb Ave & S Portland Ave,1,In Service,False,23
,11,10,,242,,2017-09-01 12:37:35 PM,40.697787,,-73.973736,,Carlton Ave & Flushing Ave,,Carlton Ave & Flushing Ave,1,In Service,False,23
,18,12,,243,,2017-09-01 12:38:18 PM,40.688226,,-73.979382,,Fulton St & Rockwell Pl,,Fulton St & Rockwell Pl,1,In Service,False,31
,8,23,,244,,2017-09-01 12:36:31 PM,40.69196035,,-73.96536851,,Willoughby Ave & Hall St,,Willoughby Ave & Hall St,1,In Service,False,31
,5,17,,245,,2017-09-01 12:38:32 PM,40.69327018,,-73.97703874,,Myrtle Ave & St Edwards St,,Myrtle Ave & St Edwards St,1,In Service,False,23
,0,20,,247,,2017-09-01 12:36:27 PM,40.73535398,,-74.00483091,,Perry St & Bleecker St,,Perry St & Bleecker St,1,In Service,False,20
,12,11,,248,,2017-09-01 12:35:48 PM,40.72185379,,-74.00771779,,Laight St & Hudson St,,Laight St & Hudson St,1,In Service,False,23
,26,0,,249,,2017-09-01 12:36:41 PM,40.71870987,,-74.0090009,,Harrison St & Hudson St,,Harrison St & Hudson St,1,In Service,False,27
,25,1,,251,,2017-09-01 12:35:33 PM,40.72317958,,-73.99480012,,Mott St & Prince St,,Mott St & Prince St,1,In Service,False,27
,11,19,,252,,2017-09-01 12:37:05 PM,40.73226398,,-73.99852205,,MacDougal St & Washington Sq,,MacDougal St & Washington Sq,1,In Service,False,33
,41,14,,253,,2017-09-01 12:38:09 PM,40.73543934,,-73.99453948,,W 13 St & 5 Ave,,W 13 St & 5 Ave,1,In Service,False,55
,4,26,,254,,2017-09-01 12:37:24 PM,40.73532427,,-73.99800419,,W 11 St & 6 Ave,,W 11 St & 6 Ave,1,In Service,False,31
,25,12,,257,,2017-09-01 12:37:14 PM,40.71939226,,-74.00247214,,Lispenard St & Broadway,,Lispenard St & Broadway,1,In Service,False,39
,16,7,,258,,2017-09-01 12:39:03 PM,40.68940747,,-73.96885458,,DeKalb Ave & Vanderbilt Ave,,DeKalb Ave & Vanderbilt Ave,1,In Service,False,23
,15,24,,259,,2017-09-01 12:38:59 PM,40.70122128,,-74.01234218,,South St & Whitehall St,,South St & Whitehall St,1,In Service,False,39
,24,11,,260,,2017-09-01 12:39:08 PM,40.70365182,,-74.01167797,,Broad St & Bridge St,,Broad St & Bridge St,1,In Service,False,35
,14,13,,261,,2017-09-01 12:37:34 PM,40.69474881,,-73.98362464,,Johnson St & Gold St,,Johnson St & Gold St,1,In Service,False,27
,9,14,,262,,2017-09-01 12:38:32 PM,40.6917823,,-73.9737299,,Washington Park,,Washington Park,1,In Service,False,24
,26,1,,264,,2017-09-01 12:36:31 PM,40.70706456,,-74.00731853,,Maiden Ln & Pearl St,,Maiden Ln & Pearl St,1,In Service,False,27
,19,12,,265,,2017-09-01 12:39:11 PM,40.72229346,,-73.99147535,,Stanton St & Chrystie St,,Stanton St & Chrystie St,1,In Service,False,35
,1,23,,266,,2017-09-01 12:37:28 PM,40.72368361,,-73.97574813,,Avenue D & E 8 St,,Avenue D & E 8 St,1,In Service,False,24
,11,45,,267,,2017-09-01 12:38:44 PM,40.75097711,,-73.98765428,,Broadway & W 36 St,,Broadway & W 36 St,1,In Service,False,57
,24,2,,268,,2017-09-01 12:37:49 PM,40.71910537,,-73.99973337,,Howard St & Centre St,,Howard St & Centre St,1,In Service,False,27
,26,5,,274,,2017-09-01 12:39:07 PM,40.68691865,,-73.976682,,Lafayette Ave & Fort Greene Pl,,Lafayette Ave & Fort Greene Pl,1,In Service,False,31
,8,11,,275,,2017-09-01 12:36:26 PM,40.68650065,,-73.96563307,,Washington Ave & Greene Ave,,Washington Ave & Greene Ave,1,In Service,False,19
,16,9,,276,,2017-09-01 12:38:11 PM,40.71748752,,-74.0104554,,Duane St & Greenwich St,,Duane St & Greenwich St,1,In Service,False,25
,3,15,,278,,2017-09-01 12:38:05 PM,40.69766564,,-73.98476437,,Concord St & Bridge St,,Concord St & Bridge St,1,In Service,False,19
,34,1,,279,,2017-09-01 12:38:37 PM,40.707873,,-74.00167,,Peck Slip & Front St,,Peck Slip & Front St,1,In Service,False,36
,28,1,,280,,2017-09-01 12:36:37 PM,40.73331967,,-73.99510132,,E 10 St & 5 Ave,,E 10 St & 5 Ave,1,In Service,False,31
,28,29,,281,,2017-09-01 12:39:03 PM,40.7643971,,-73.97371465,,Grand Army Plaza & Central Park S,,Grand Army Plaza & Central Park S,1,In Service,False,57
,7,20,,282,,2017-09-01 12:37:54 PM,40.7076449442,,-73.9684152603,,Kent Ave & S 11 St,,Kent Ave & S 11 St,1,In Service,False,27
,18,23,,284,,2017-09-01 12:38:27 PM,40.7390169121,,-74.0026376103,,Greenwich Ave & 8 Ave,,Greenwich Ave & 8 Ave,1,In Service,False,43
,47,4,,285,,2017-09-01 12:36:36 PM,40.73454567,,-73.99074142,,Broadway & E 14 St,,Broadway & E 14 St,1,In Service,False,51
,4,15,,289,,2017-09-01 12:38:05 PM,40.6845683,,-73.95881081,,Monroe St & Classon Ave,,Monroe St & Classon Ave,1,In Service,False,19
,0,19,,291,,2017-09-01 12:38:33 PM,40.713126,,-73.984844,,Madison St & Montgomery St,,Madison St & Montgomery St,1,In Service,False,20
,37,17,,293,,2017-09-01 12:38:32 PM,40.7302066053,,-73.9910262823,,Lafayette St & E 8 St,,Lafayette St & E 8 St,1,In Service,False,55
,7,17,,295,,2017-09-01 12:35:42 PM,40.71406667,,-73.99293911,,Pike St & E Broadway,,Pike St & E Broadway,1,In Service,False,24
,34,0,,296,,2017-09-01 12:38:45 PM,40.71413089,,-73.9970468,,Division St & Bowery,,Division St & Bowery,1,In Service,False,35
,11,15,,297,,2017-09-01 12:37:56 PM,40.734232,,-73.986923,,E 15 St & 3 Ave,,E 15 St & 3 Ave,1,In Service,False,27
,1,35,,301,,2017-09-01 12:39:14 PM,40.72217444,,-73.98368779,,E 2 St & Avenue B,,E 2 St & Avenue B,1,In Service,False,37
,0,23,,302,,2017-09-01 12:37:18 PM,40.72082834,,-73.97793172,,Avenue D & E 3 St,,Avenue D & E 3 St,1,In Service,False,23
,29,1,,303,,2017-09-01 12:39:10 PM,40.72362738,,-73.99949601,,Mercer St & Spring St,,Mercer St & Spring St,1,In Service,False,31
,13,19,,304,,2017-09-01 12:36:52 PM,40.70463334,,-74.01361706,,Broadway & Battery Pl,,Broadway & Battery Pl,1,In Service,False,33
,29,4,,305,,2017-09-01 12:38:14 PM,40.76095756,,-73.96724467,,E 58 St & 3 Ave,,E 58 St & 3 Ave,1,In Service,False,33
,16,1,,306,,2017-09-01 12:37:20 PM,40.70823502,,-74.00530063,,Cliff St & Fulton St,,Cliff St & Fulton St,1,In Service,False,17
,11,17,,307,,2017-09-01 12:36:59 PM,40.71427487,,-73.98990025,,Canal St & Rutgers St,,Canal St & Rutgers St,1,In Service,False,31
,26,0,,308,,2017-09-01 12:36:22 PM,40.71307916,,-73.99851193,,St James Pl & Oliver St,,St James Pl & Oliver St,1,In Service,False,27
,38,3,,309,,2017-09-01 12:39:03 PM,40.7149787,,-74.013012,,Murray St & West St,,Murray St & West St,1,In Service,False,41
,27,9,,310,,2017-09-01 12:36:29 PM,40.68926942,,-73.98912867,,State St & Smith St,,State St & Smith St,1,In Service,False,36
,2,29,,311,,2017-09-01 12:38:07 PM,40.7172274,,-73.98802084,,Norfolk St & Broome St,,Norfolk St & Broome St,1,In Service,False,31
,1,30,,312,,2017-09-01 12:36:48 PM,40.722055,,-73.989111,,Allen St & Stanton St,,Allen St & Stanton St,1,In Service,False,31
,17,6,,313,,2017-09-01 12:36:08 PM,40.69610226,,-73.96751037,,Washington Ave & Park Ave,,Washington Ave & Park Ave,1,In Service,False,23
,20,18,,314,,2017-09-01 12:35:28 PM,40.69383,,-73.990539,,Cadman Plaza West & Montague St,,Cadman Plaza West & Montague St,1,In Service,False,39
,28,0,,315,,2017-09-01 12:38:07 PM,40.70355377,,-74.00670227,,South St & Gouverneur Ln,,South St & Gouverneur Ln,1,In Service,False,29
,0,10,,316,,2017-08-11 06:01:20 AM,40.70955958,,-74.00653609,,Fulton St & William St,,Fulton St & William St,3,Not In Service,False,27
,1,25,,317,,2017-09-01 12:39:20 PM,40.72453734,,-73.98185424,,E 6 St & Avenue B,,E 6 St & Avenue B,1,In Service,False,27
,27,5,,319,,2017-09-01 12:37:46 PM,40.711066,,-74.009447,,Fulton St & Broadway,,Fulton St & Broadway,1,In Service,False,33
,16,21,,320,,2017-09-01 12:39:18 PM,40.717571,,-74.005549,,Leonard St & Church St,,Leonard St & Church St,1,In Service,False,39
,22,5,,321,,2017-09-01 12:39:02 PM,40.69991755,,-73.98971773,,Cadman Plaza E & Red Cross Pl,,Cadman Plaza E & Red Cross Pl,1,In Service,False,27
,27,4,,322,,2017-09-01 12:39:20 PM,40.696192,,-73.991218,,Clinton St & Tillary St,,Clinton St & Tillary St,1,In Service,False,31
,28,11,,323,,2017-09-01 12:37:24 PM,40.69236178,,-73.98631746,,Lawrence St & Willoughby St,,Lawrence St & Willoughby St,1,In Service,False,39
,45,4,,324,,2017-09-01 12:36:21 PM,40.689888,,-73.981013,,DeKalb Ave & Hudson Ave,,DeKalb Ave & Hudson Ave,1,In Service,False,51
,4,28,,325,,2017-09-01 12:39:11 PM,40.73624527,,-73.98473765,,E 19 St & 3 Ave,,E 19 St & 3 Ave,1,In Service,False,35
,2,23,,326,,2017-09-01 12:37:34 PM,40.72953837,,-73.98426726,,E 11 St & 1 Ave,,E 11 St & 1 Ave,1,In Service,False,27
,22,16,,327,,2017-09-01 12:39:05 PM,40.7153379,,-74.01658354,,Vesey Pl & River Terrace,,Vesey Pl & River Terrace,1,In Service,False,39
,18,5,,328,,2017-09-01 12:39:04 PM,40.72405549,,-74.00965965,,Watts St & Greenwich St,,Watts St & Greenwich St,1,In Service,False,23
,38,1,,330,,2017-09-01 12:37:49 PM,40.71450451,,-74.00562789,,Reade St & Broadway,,Reade St & Broadway,1,In Service,False,39
,5,21,,331,,2017-09-01 12:36:27 PM,40.71173107,,-73.99193043,,Pike St & Monroe St,,Pike St & Monroe St,1,In Service,False,27
,2,21,,332,,2017-09-01 12:38:07 PM,40.71219906,,-73.97948148,,Cherry St,,Cherry St,1,In Service,False,24
,3,28,,334,,2017-09-01 12:39:19 PM,40.74238787,,-73.99726235,,W 20 St & 7 Ave,,W 20 St & 7 Ave,1,In Service,False,31
,23,4,,335,,2017-09-01 12:37:58 PM,40.72903917,,-73.99404649,,Washington Pl & Broadway,,Washington Pl & Broadway,1,In Service,False,27
,25,9,,336,,2017-09-01 12:36:45 PM,40.73047747,,-73.99906065,,Sullivan St & Washington Sq,,Sullivan St & Washington Sq,1,In Service,False,36
,31,6,,337,,2017-09-01 12:37:23 PM,40.7037992,,-74.00838676,,Old Slip & Front St,,Old Slip & Front St,1,In Service,False,37
,2,22,,339,,2017-09-01 12:39:19 PM,40.72580614,,-73.97422494,,Avenue D & E 12 St,,Avenue D & E 12 St,1,In Service,False,24
,0,27,,340,,2017-09-01 12:36:39 PM,40.71269042,,-73.98776323,,Madison St & Clinton St,,Madison St & Clinton St,1,In Service,False,27
,0,19,,341,,2017-09-01 12:38:15 PM,40.71782143,,-73.97628939,,Stanton St & Mangin St,,Stanton St & Mangin St,1,In Service,False,19
,1,28,,342,,2017-09-01 12:37:23 PM,40.71739973,,-73.98016555,,Columbia St & Rivington St,,Columbia St & Rivington St,1,In Service,False,29
,11,8,,343,,2017-09-01 12:37:43 PM,40.69794,,-73.96986848,,Clinton Ave & Flushing Ave,,Clinton Ave & Flushing Ave,1,In Service,False,23
,7,16,,344,,2017-09-01 12:37:42 PM,40.6851443,,-73.95380904,,Monroe St & Bedford Ave,,Monroe St & Bedford Ave,1,In Service,False,23
,7,27,,345,,2017-09-01 12:37:13 PM,40.73649403,,-73.99704374,,W 13 St & 6 Ave,,W 13 St & 6 Ave,1,In Service,False,35
,1,24,,346,,2017-09-01 12:36:19 PM,40.73652889,,-74.00618026,,Bank St & Hudson St,,Bank St & Hudson St,1,In Service,False,27
,31,1,,347,,2017-09-01 12:38:43 PM,40.728846,,-74.008591,,Greenwich St & W Houston St,,Greenwich St & W Houston St,1,In Service,False,35
,0,23,,349,,2017-09-01 12:35:27 PM,40.71850211,,-73.98329859,,Rivington St & Ridge St,,Rivington St & Ridge St,1,In Service,False,23
,0,28,,350,,2017-09-01 12:38:53 PM,40.71559509,,-73.9870295,,Clinton St & Grand St,,Clinton St & Grand St,1,In Service,False,28
,33,6,,351,,2017-09-01 12:38:31 PM,40.70530954,,-74.00612572,,Front St & Maiden Ln,,Front St & Maiden Ln,1,In Service,False,39
,23,4,,353,,2017-09-01 12:35:40 PM,40.68539567,,-73.97431458,,S Portland Ave & Hanson Pl,,S Portland Ave & Hanson Pl,1,In Service,False,27
,12,11,,354,,2017-09-01 12:37:38 PM,40.69363137,,-73.96223558,,Emerson Pl & Myrtle Ave,,Emerson Pl & Myrtle Ave,1,In Service,False,23
,41,0,,355,,2017-09-01 12:37:28 PM,40.71602118,,-73.99974372,,Bayard St & Baxter St,,Bayard St & Baxter St,1,In Service,False,43
,2,21,,356,,2017-09-01 12:37:48 PM,40.71622644,,-73.98261206,,Bialystoker Pl & Delancey St,,Bialystoker Pl & Delancey St,1,In Service,False,23
,15,11,,357,,2017-09-01 12:38:31 PM,40.73261787,,-73.99158043,,E 11 St & Broadway,,E 11 St & Broadway,1,In Service,False,27
,0,35,,358,,2017-09-01 12:36:30 PM,40.73291553,,-74.00711384,,Christopher St & Greenwich St,,Christopher St & Greenwich St,1,In Service,False,36
,5,48,,359,,2017-09-01 12:39:19 PM,40.75510267,,-73.97498696,,E 47 St & Park Ave,,E 47 St & Park Ave,1,In Service,False,53
,14,24,,360,,2017-09-01 12:36:57 PM,40.70717936,,-74.00887308,,William St & Pine St,,William St & Pine St,1,In Service,False,39
,10,33,,361,,2017-09-01 12:37:24 PM,40.71605866,,-73.99190759,,Allen St & Hester St,,Allen St & Hester St,1,In Service,False,43
,26,30,,362,,2017-09-01 12:36:57 PM,40.75172632,,-73.98753523,,Broadway & W 37 St,,Broadway & W 37 St,1,In Service,False,57
,22,26,,363,,2017-09-01 12:38:40 PM,40.70834698,,-74.01713445,,West Thames St,,West Thames St,1,In Service,False,49
,14,9,,364,,2017-09-01 12:35:52 PM,40.68900443,,-73.96023854,,Lafayette Ave & Classon Ave,,Lafayette Ave & Classon Ave,1,In Service,False,27
,2,29,,365,,2017-09-01 12:37:15 PM,40.68223166,,-73.9614583,,Fulton St & Grand Ave,,Fulton St & Grand Ave,1,In Service,False,31
,20,12,,366,,2017-09-01 12:35:35 PM,40.693261,,-73.968896,,Clinton Ave & Myrtle Ave,,Clinton Ave & Myrtle Ave,1,In Service,False,33
,26,13,,368,,2017-09-01 12:38:15 PM,40.73038599,,-74.00214988,,Carmine St & 6 Ave,,Carmine St & 6 Ave,1,In Service,False,39
,1,33,,369,,2017-09-01 12:37:02 PM,40.73224119,,-74.00026394,,Washington Pl & 6 Ave,,Washington Pl & 6 Ave,1,In Service,False,35
,5,22,,372,,2017-09-01 12:36:37 PM,40.6945460872,,-73.9580136538,,Franklin Ave & Myrtle Ave,,Franklin Ave & Myrtle Ave,1,In Service,False,27
,11,8,,373,,2017-09-01 12:38:16 PM,40.69331716,,-73.95381995,,Willoughby Ave & Walworth St,,Willoughby Ave & Walworth St,1,In Service,False,19
,36,6,,376,,2017-09-01 12:37:57 PM,40.70862144,,-74.00722156,,John St & William St,,John St & William St,1,In Service,False,43
,7,38,,377,,2017-09-01 12:38:32 PM,40.72243797,,-74.00566443,,6 Ave & Canal St,,6 Ave & Canal St,1,In Service,False,45
,11,31,,379,,2017-09-01 12:36:18 PM,40.749156,,-73.9916,,W 31 St & 7 Ave,,W 31 St & 7 Ave,1,In Service,False,42
,8,27,,380,,2017-09-01 12:39:17 PM,40.73401143,,-74.00293877,,W 4 St & 7 Ave S,,W 4 St & 7 Ave S,1,In Service,False,39
,32,3,,382,,2017-09-01 12:38:55 PM,40.73492695,,-73.99200509,,University Pl & E 14 St,,University Pl & E 14 St,1,In Service,False,36
,7,29,,383,,2017-09-01 12:39:02 PM,40.735238,,-74.000271,,Greenwich Ave & Charles St,,Greenwich Ave & Charles St,1,In Service,False,39
,18,12,,384,,2017-09-01 12:37:43 PM,40.683048,,-73.964915,,Fulton St & Washington Ave,,Fulton St & Washington Ave,1,In Service,False,31
,6,22,,385,,2017-09-01 12:37:39 PM,40.75797322,,-73.96603308,,E 55 St & 2 Ave,,E 55 St & 2 Ave,1,In Service,False,29
,38,4,,386,,2017-09-01 12:37:47 PM,40.71494807,,-74.00234482,,Centre St & Worth St,,Centre St & Worth St,1,In Service,False,43
,28,8,,387,,2017-09-01 12:39:18 PM,40.71273266,,-74.0046073,,Centre St & Chambers St,,Centre St & Chambers St,1,In Service,False,39
,30,5,,388,,2017-09-01 12:35:38 PM,40.749717753,,-74.002950346,,W 26 St & 10 Ave,,W 26 St & 10 Ave,1,In Service,False,35
,20,6,,389,,2017-09-01 12:38:55 PM,40.71044554,,-73.96525063,,Broadway & Berry St,,Broadway & Berry St,1,In Service,False,27
,19,12,,390,,2017-09-01 12:38:47 PM,40.69221589,,-73.9842844,,Duffield St & Willoughby St,,Duffield St & Willoughby St,1,In Service,False,31
,7,24,,391,,2017-09-01 12:36:23 PM,40.69760127,,-73.99344559,,Clark St & Henry St,,Clark St & Henry St,1,In Service,False,31
,28,7,,392,,2017-09-01 12:37:42 PM,40.695065,,-73.987167,,Jay St & Tech Pl,,Jay St & Tech Pl,1,In Service,False,35
,0,31,,393,,2017-09-01 12:39:15 PM,40.72299208,,-73.97995466,,E 5 St & Avenue C,,E 5 St & Avenue C,1,In Service,False,31
,0,32,,394,,2017-09-01 12:39:15 PM,40.72521311,,-73.97768752,,E 9 St & Avenue C,,E 9 St & Avenue C,1,In Service,False,32
,25,5,,395,,2017-09-01 12:38:37 PM,40.68807003,,-73.98410637,,Bond St & Schermerhorn St,,Bond St & Schermerhorn St,1,In Service,False,30
,1,24,,396,,2017-09-01 12:35:51 PM,40.680342423,,-73.9557689392,,Lefferts Pl & Franklin Ave,,Lefferts Pl & Franklin Ave,1,In Service,False,25
,5,22,,397,,2017-09-01 12:36:50 PM,40.68415748,,-73.96922273,,Fulton St & Clermont Ave,,Fulton St & Clermont Ave,1,In Service,False,27
,17,14,,398,,2017-09-01 12:38:12 PM,40.69165183,,-73.9999786,,Atlantic Ave & Furman St,,Atlantic Ave & Furman St,1,In Service,False,31
,7,20,,399,,2017-09-01 12:36:56 PM,40.68851534,,-73.9647628,,Lafayette Ave & St James Pl,,Lafayette Ave & St James Pl,1,In Service,False,27
,1,14,,400,,2017-09-01 12:35:40 PM,40.71926081,,-73.98178024,,Pitt St & Stanton St,,Pitt St & Stanton St,1,In Service,False,15
,1,41,,401,,2017-09-01 12:39:18 PM,40.72019576,,-73.98997825,,Allen St & Rivington St,,Allen St & Rivington St,1,In Service,False,42
,13,26,,402,,2017-09-01 12:38:35 PM,40.7403432,,-73.98955109,,Broadway & E 22 St,,Broadway & E 22 St,1,In Service,False,39
,10,21,,403,,2017-09-01 12:39:19 PM,40.72502876,,-73.99069656,,E 2 St & 2 Ave,,E 2 St & 2 Ave,1,In Service,False,31
,37,2,,405,,2017-09-01 12:38:06 PM,40.739323,,-74.008119,,Washington St & Gansevoort St,,Washington St & Gansevoort St,1,In Service,False,40
,1,32,,406,,2017-09-01 12:38:53 PM,40.69512845,,-73.99595065,,Hicks St & Montague St,,Hicks St & Montague St,1,In Service,False,34
,1,35,,407,,2017-09-01 12:36:07 PM,40.700469,,-73.991454,,Henry St & Poplar St,,Henry St & Poplar St,1,In Service,False,37
,10,13,,408,,2017-09-01 12:37:39 PM,40.71076228,,-73.99400398,,Market St & Cherry St,,Market St & Cherry St,1,In Service,False,23
,5,14,,409,,2017-09-01 12:38:53 PM,40.6906495,,-73.95643107,,DeKalb Ave & Skillman St,,DeKalb Ave & Skillman St,1,In Service,False,19
,2,31,,410,,2017-09-01 12:37:01 PM,40.72066442,,-73.98517977,,Suffolk St & Stanton St,,Suffolk St & Stanton St,1,In Service,False,35
,1,21,,411,,2017-09-01 12:36:06 PM,40.72228087,,-73.97668709,,E 6 St & Avenue D,,E 6 St & Avenue D,1,In Service,False,23
,29,0,,412,,2017-09-01 12:39:19 PM,40.7158155,,-73.99422366,,Forsyth St & Canal St,,Forsyth St & Canal St,1,In Service,False,29
,20,2,,414,,2017-09-01 12:38:13 PM,40.70281858,,-73.98765762,,Pearl St & Anchorage Pl,,Pearl St & Anchorage Pl,1,In Service,False,24
,27,15,,415,,2017-09-01 12:37:57 PM,40.7047177,,-74.00926027,,Pearl St & Hanover Square,,Pearl St & Hanover Square,1,In Service,False,42
,9,22,,416,,2017-09-01 12:36:47 PM,40.68753406,,-73.97265183,,Cumberland St & Lafayette Ave,,Cumberland St & Lafayette Ave,1,In Service,False,31
,22,0,,417,,2017-09-01 12:38:55 PM,40.71291224,,-74.01020234,,Barclay St & Church St,,Barclay St & Church St,1,In Service,False,23
,22,0,,418,,2017-09-01 12:36:45 PM,40.70224,,-73.982578,,Front St & Gold St,,Front St & Gold St,1,In Service,False,23
,11,10,,419,,2017-09-01 12:38:48 PM,40.69580705,,-73.97355569,,Carlton Ave & Park Ave,,Carlton Ave & Park Ave,1,In Service,False,23
,0,7,,420,,2017-08-14 11:43:02 AM,40.68764484,,-73.96968902,,Clermont Ave & Lafayette Ave,,Clermont Ave & Lafayette Ave,3,Not In Service,False,7
,0,3,,421,,2017-08-15 12:17:59 PM,40.69573398,,-73.97129668,,Clermont Ave & Park Ave,,Clermont Ave & Park Ave,3,Not In Service,False,3
,0,55,,422,,2017-09-01 12:38:34 PM,40.770513,,-73.988038,,W 59 St & 10 Ave,,W 59 St & 10 Ave,1,In Service,False,55
,5,33,,423,,2017-09-01 12:38:55 PM,40.76584941,,-73.98690506,,W 54 St & 9 Ave,,W 54 St & 9 Ave,1,In Service,False,39
,11,11,,426,,2017-09-01 12:36:43 PM,40.71754834,,-74.01322069,,West St & Chambers St,,West St & Chambers St,1,In Service,False,30
,32,15,,427,,2017-09-01 12:39:10 PM,40.701907,,-74.013942,,Bus Slip & State St,,Bus Slip & State St,1,In Service,False,47
,1,27,,428,,2017-09-01 12:37:48 PM,40.72467721,,-73.98783413,,E 3 St & 1 Ave,,E 3 St & 1 Ave,1,In Service,False,31
,21,6,,430,,2017-09-01 12:38:45 PM,40.7014851,,-73.98656928,,York St & Jay St,,York St & Jay St,1,In Service,False,27
,0,29,,432,,2017-09-01 12:36:21 PM,40.72621788,,-73.98379855,,E 7 St & Avenue A,,E 7 St & Avenue A,1,In Service,False,29
,0,39,,433,,2017-09-01 12:38:09 PM,40.72955361,,-73.98057249,,E 13 St & Avenue A,,E 13 St & Avenue A,1,In Service,False,39
,19,7,,434,,2017-09-01 12:36:00 PM,40.74317449,,-74.00366443,,9 Ave & W 18 St,,9 Ave & W 18 St,1,In Service,False,27
,35,12,,435,,2017-09-01 12:38:28 PM,40.74173969,,-73.99415556,,W 21 St & 6 Ave,,W 21 St & 6 Ave,1,In Service,False,47
,15,11,,436,,2017-09-01 12:37:11 PM,40.68216564,,-73.95399026,,Hancock St & Bedford Ave,,Hancock St & Bedford Ave,1,In Service,False,27
,9,15,,437,,2017-09-01 12:36:11 PM,40.6809833854,,-73.9500479759,,Macon St & Nostrand Ave,,Macon St & Nostrand Ave,1,In Service,False,24
,1,30,,438,,2017-09-01 12:39:14 PM,40.72779126,,-73.98564945,,St Marks Pl & 1 Ave,,St Marks Pl & 1 Ave,1,In Service,False,31
,4,35,,439,,2017-09-01 12:36:07 PM,40.7262807,,-73.98978041,,E 4 St & 2 Ave,,E 4 St & 2 Ave,1,In Service,False,39
,19,13,,440,,2017-09-01 12:35:54 PM,40.75255434,,-73.97282625,,E 45 St & 3 Ave,,E 45 St & 3 Ave,1,In Service,False,32
,1,34,,441,,2017-09-01 12:39:04 PM,40.756014,,-73.967416,,E 52 St & 2 Ave,,E 52 St & 2 Ave,1,In Service,False,35
,35,12,,442,,2017-09-01 12:37:44 PM,40.746647,,-73.993915,,W 27 St & 7 Ave,,W 27 St & 7 Ave,1,In Service,False,51
,5,18,,443,,2017-09-01 12:38:11 PM,40.70853074,,-73.96408963,,Bedford Ave & S 9 St,,Bedford Ave & S 9 St,1,In Service,False,23
,47,5,,444,,2017-09-01 12:37:49 PM,40.7423543,,-73.98915076,,Broadway & W 24 St,,Broadway & W 24 St,1,In Service,False,52
,1,41,,445,,2017-09-01 12:37:51 PM,40.72740794,,-73.98142006,,E 10 St & Avenue A,,E 10 St & Avenue A,1,In Service,False,42
,3,34,,446,,2017-09-01 12:39:21 PM,40.74487634,,-73.99529885,,W 24 St & 7 Ave,,W 24 St & 7 Ave,1,In Service,False,39
,1,30,,447,,2017-09-01 12:37:17 PM,40.76370739,,-73.9851615,,8 Ave & W 52 St,,8 Ave & W 52 St,1,In Service,False,31
,3,27,,448,,2017-09-01 12:39:19 PM,40.75660359,,-73.9979009,,W 37 St & 10 Ave,,W 37 St & 10 Ave,1,In Service,False,31
,3,28,,449,,2017-09-01 12:38:07 PM,40.76461837,,-73.98789473,,W 52 St & 9 Ave,,W 52 St & 9 Ave,1,In Service,False,31
,0,59,,450,,2017-09-01 12:38:58 PM,40.76227205,,-73.98788205,,W 49 St & 8 Ave,,W 49 St & 8 Ave,1,In Service,False,59
,3,33,,453,,2017-09-01 12:37:35 PM,40.74475148,,-73.99915362,,W 22 St & 8 Ave,,W 22 St & 8 Ave,1,In Service,False,39
,1,34,,454,,2017-09-01 12:37:58 PM,40.75455731,,-73.96592976,,E 51 St & 1 Ave,,E 51 St & 1 Ave,1,In Service,False,35
,38,0,,455,,2017-09-01 12:38:58 PM,40.75001986,,-73.96905301,,1 Ave & E 44 St,,1 Ave & E 44 St,1,In Service,False,39
,27,8,,456,,2017-09-01 12:36:52 PM,40.7597108,,-73.97402311,,E 53 St & Madison Ave,,E 53 St & Madison Ave,1,In Service,False,35
,12,27,,457,,2017-09-01 12:39:18 PM,40.76695317,,-73.98169333,,Broadway & W 58 St,,Broadway & W 58 St,1,In Service,False,39
,29,2,,458,,2017-09-01 12:38:48 PM,40.751396,,-74.005226,,11 Ave & W 27 St,,11 Ave & W 27 St,1,In Service,False,31
,47,1,,459,,2017-09-01 12:37:52 PM,40.746745,,-74.007756,,W 20 St & 11 Ave,,W 20 St & 11 Ave,1,In Service,False,49
,16,6,,460,,2017-09-01 12:38:51 PM,40.71285887,,-73.96590294,,S 4 St & Wythe Ave,,S 4 St & Wythe Ave,1,In Service,False,23
,0,38,,461,,2017-09-01 12:39:09 PM,40.73587678,,-73.98205027,,E 20 St & 2 Ave,,E 20 St & 2 Ave,1,In Service,False,39
,39,7,,462,,2017-09-01 12:37:38 PM,40.74691959,,-74.00451887,,W 22 St & 10 Ave,,W 22 St & 10 Ave,1,In Service,False,47
,19,18,,465,,2017-09-01 12:38:04 PM,40.75513557,,-73.98658032,,Broadway & W 41 St,,Broadway & W 41 St,1,In Service,False,39
,7,18,,466,,2017-09-01 12:35:47 PM,40.74395411,,-73.99144871,,W 25 St & 6 Ave,,W 25 St & 6 Ave,1,In Service,False,35
,31,2,,467,,2017-09-01 12:37:57 PM,40.68312489,,-73.97895137,,Dean St & 4 Ave,,Dean St & 4 Ave,1,In Service,False,34
,23,36,,468,,2017-09-01 12:36:23 PM,40.7652654,,-73.98192338,,Broadway & W 56 St,,Broadway & W 56 St,1,In Service,False,59
,26,31,,469,,2017-09-01 12:36:08 PM,40.76344058,,-73.98268129,,Broadway & W 53 St,,Broadway & W 53 St,1,In Service,False,57
,1,34,,470,,2017-09-01 12:35:38 PM,40.74345335,,-74.00004031,,W 20 St & 8 Ave,,W 20 St & 8 Ave,1,In Service,False,37
,6,25,,471,,2017-09-01 12:37:55 PM,40.71286844,,-73.95698119,,Grand St & Havemeyer St,,Grand St & Havemeyer St,1,In Service,False,31
,18,21,,472,,2017-09-01 12:37:07 PM,40.7457121,,-73.98194829,,E 32 St & Park Ave,,E 32 St & Park Ave,1,In Service,False,41
,16,21,,473,,2017-09-01 12:36:32 PM,40.72110063,,-73.9919254,,Rivington St & Chrystie St,,Rivington St & Chrystie St,1,In Service,False,38
,16,21,,474,,2017-09-01 12:36:42 PM,40.7451677,,-73.98683077,,5 Ave & E 29 St,,5 Ave & E 29 St,1,In Service,False,39
,2,45,,476,,2017-09-01 12:36:34 PM,40.74394314,,-73.97966069,,E 31 St & 3 Ave,,E 31 St & 3 Ave,1,In Service,False,47
,11,47,,477,,2017-09-01 12:38:59 PM,40.75640548,,-73.9900262,,W 41 St & 8 Ave,,W 41 St & 8 Ave,1,In Service,False,59
,4,27,,478,,2017-09-01 12:38:22 PM,40.76030096,,-73.99884222,,11 Ave & W 41 St,,11 Ave & W 41 St,1,In Service,False,31
,0,29,,479,,2017-09-01 12:39:15 PM,40.76019252,,-73.9912551,,9 Ave & W 45 St,,9 Ave & W 45 St,1,In Service,False,31
,2,25,,480,,2017-09-01 12:37:33 PM,40.76669671,,-73.99061728,,W 53 St & 10 Ave,,W 53 St & 10 Ave,1,In Service,False,27
,8,17,,481,,2017-09-01 12:37:55 PM,40.71260486,,-73.96264403,,S 3 St & Bedford Ave,,S 3 St & Bedford Ave,1,In Service,False,25
,12,26,,482,,2017-09-01 12:37:28 PM,40.73935542,,-73.99931783,,W 15 St & 7 Ave,,W 15 St & 7 Ave,1,In Service,False,39
,17,18,,483,,2017-09-01 12:36:37 PM,40.73223272,,-73.98889957,,E 12 St & 3 Ave,,E 12 St & 3 Ave,1,In Service,False,35
,40,2,,484,,2017-09-01 12:39:20 PM,40.75500254,,-73.98014437,,W 44 St & 5 Ave,,W 44 St & 5 Ave,1,In Service,False,44
,25,14,,485,,2017-09-01 12:36:03 PM,40.75038009,,-73.98338988,,W 37 St & 5 Ave,,W 37 St & 5 Ave,1,In Service,False,39
,24,15,,486,,2017-09-01 12:39:21 PM,40.7462009,,-73.98855723,,Broadway & W 29 St,,Broadway & W 29 St,1,In Service,False,39
,0,33,,487,,2017-09-01 12:37:54 PM,40.73314259,,-73.97573881,,E 20 St & FDR Drive,,E 20 St & FDR Drive,1,In Service,False,36
,0,0,,488,,1969-12-31 07:00:00 PM,40.75645824,,-73.99372222,,W 39 St & 9 Ave,,W 39 St & 9 Ave,3,Not In Service,False,0
,15,43,,490,,2017-09-01 12:36:57 PM,40.751551,,-73.993934,,8 Ave & W 33 St,,8 Ave & W 33 St,1,In Service,False,59
,13,37,,491,,2017-09-01 12:37:44 PM,40.74096374,,-73.98602213,,E 24 St & Park Ave S,,E 24 St & Park Ave S,1,In Service,False,53
,21,28,,492,,2017-09-01 12:36:51 PM,40.75019995,,-73.99093085,,W 33 St & 7 Ave,,W 33 St & 7 Ave,1,In Service,False,49
,4,31,,494,,2017-09-01 12:38:33 PM,40.74734825,,-73.99723551,,W 26 St & 8 Ave,,W 26 St & 8 Ave,1,In Service,False,35
,7,18,,495,,2017-09-01 12:37:32 PM,40.76269882,,-73.99301222,,W 47 St & 10 Ave,,W 47 St & 10 Ave,1,In Service,False,25
,45,0,,496,,2017-09-01 12:38:12 PM,40.73726186,,-73.99238967,,E 16 St & 5 Ave,,E 16 St & 5 Ave,1,In Service,False,47
,54,2,,497,,2017-09-01 12:39:20 PM,40.73704984,,-73.99009296,,E 17 St & Broadway,,E 17 St & Broadway,1,In Service,False,59
,7,22,,498,,2017-09-01 12:38:32 PM,40.74854862,,-73.98808416,,Broadway & W 32 St,,Broadway & W 32 St,1,In Service,False,30
,18,17,,499,,2017-09-01 12:38:18 PM,40.76915505,,-73.98191841,,Broadway & W 60 St,,Broadway & W 60 St,1,In Service,False,36
,25,25,,500,,2017-09-01 12:37:32 PM,40.76228826,,-73.98336183,,Broadway & W 51 St,,Broadway & W 51 St,1,In Service,False,52
,0,42,,501,,2017-09-01 12:38:18 PM,40.744219,,-73.97121214,,FDR Drive & E 35 St,,FDR Drive & E 35 St,1,In Service,False,43
,2,28,,502,,2017-09-01 12:38:19 PM,40.714215,,-73.981346,,Henry St & Grand St,,Henry St & Grand St,1,In Service,False,30
,28,1,,503,,2017-09-01 12:35:45 PM,40.73827428,,-73.98751968,,E 20 St & Park Ave,,E 20 St & Park Ave,1,In Service,False,29
,1,43,,504,,2017-09-01 12:35:32 PM,40.73221853,,-73.98165557,,1 Ave & E 16 St,,1 Ave & E 16 St,1,In Service,False,45
,3,32,,505,,2017-09-01 12:38:35 PM,40.74901271,,-73.98848395,,6 Ave & W 33 St,,6 Ave & W 33 St,1,In Service,False,36
,5,33,,507,,2017-09-01 12:39:21 PM,40.73912601,,-73.97973776,,E 25 St & 2 Ave,,E 25 St & 2 Ave,1,In Service,False,39
,3,21,,508,,2017-09-01 12:35:54 PM,40.76341379,,-73.99667444,,W 46 St & 11 Ave,,W 46 St & 11 Ave,1,In Service,False,24
,5,30,,509,,2017-09-01 12:35:40 PM,40.7454973,,-74.00197139,,9 Ave & W 22 St,,9 Ave & W 22 St,1,In Service,False,36
,0,27,,513,,2017-09-01 12:35:30 PM,40.768254,,-73.988639,,W 56 St & 10 Ave,,W 56 St & 10 Ave,1,In Service,False,27
,28,23,,514,,2017-09-01 12:36:24 PM,40.76087502,,-74.00277668,,12 Ave & W 40 St,,12 Ave & W 40 St,1,In Service,False,52
,0,34,,515,,2017-09-01 12:38:33 PM,40.76009437,,-73.99461843,,W 43 St & 10 Ave,,W 43 St & 10 Ave,1,In Service,False,35
,10,21,,516,,2017-09-01 12:29:39 PM,40.75206862,,-73.96784384,,E 47 St & 1 Ave,,E 47 St & 1 Ave,1,In Service,False,31
,11,47,,517,,2017-09-01 12:35:52 PM,40.751581,,-73.97791,,Pershing Square South,,Pershing Square South,1,In Service,False,59
,7,32,,518,,2017-09-01 12:38:24 PM,40.74780373,,-73.9734419,,E 39 St & 2 Ave,,E 39 St & 2 Ave,1,In Service,False,39
,17,44,,519,,2017-09-01 12:38:32 PM,40.751873,,-73.977706,,Pershing Square North,,Pershing Square North,1,In Service,False,61
,10,29,,520,,2017-09-01 12:38:09 PM,40.75992262,,-73.97648516,,W 52 St & 5 Ave,,W 52 St & 5 Ave,1,In Service,False,39
,45,3,,522,,2017-09-01 12:39:02 PM,40.75714758,,-73.97207836,,E 51 St & Lexington Ave,,E 51 St & Lexington Ave,1,In Service,False,51
,3,47,,523,,2017-09-01 12:38:52 PM,40.75466591,,-73.99138152,,W 38 St & 8 Ave,,W 38 St & 8 Ave,1,In Service,False,51
,37,15,,524,,2017-09-01 12:37:13 PM,40.75527307,,-73.98316936,,W 43 St & 6 Ave,,W 43 St & 6 Ave,1,In Service,False,55
,38,0,,525,,2017-09-01 12:36:03 PM,40.75594159,,-74.0021163,,W 34 St & 11 Ave,,W 34 St & 11 Ave,1,In Service,False,39
,11,27,,526,,2017-09-01 12:37:49 PM,40.74765947,,-73.98490707,,E 33 St & 5 Ave,,E 33 St & 5 Ave,1,In Service,False,39
,7,51,,527,,2017-09-01 12:38:57 PM,40.744023,,-73.976056,,E 33 St & 2 Ave,,E 33 St & 2 Ave,1,In Service,False,59
,6,32,,528,,2017-09-01 12:36:24 PM,40.74290902,,-73.97706058,,2 Ave & E 31 St,,2 Ave & E 31 St,1,In Service,False,39
,7,33,,529,,2017-09-01 12:39:19 PM,40.7575699,,-73.99098507,,W 42 St & 8 Ave,,W 42 St & 8 Ave,1,In Service,False,41
,0,36,,530,,2017-09-01 12:37:08 PM,40.771522,,-73.990541,,11 Ave & W 59 St,,11 Ave & W 59 St,1,In Service,False,36
,36,1,,531,,2017-09-01 12:37:37 PM,40.71893904,,-73.99266288,,Forsyth St & Broome St,,Forsyth St & Broome St,1,In Service,False,39
,18,22,,532,,2017-09-01 12:39:20 PM,40.710451,,-73.960876,,S 5 Pl & S 4 St,,S 5 Pl & S 4 St,1,In Service,False,43
,0,0,,533,,2017-06-15 11:58:39 AM,40.75299641,,-73.98721619,,Broadway & W 39 St,,Broadway & W 39 St,3,Not In Service,False,0
,23,8,,534,,2017-09-01 12:36:37 PM,40.70255065,,-74.0127234,,Water - Whitehall Plaza,,Water - Whitehall Plaza,1,In Service,False,31
,14,15,,536,,2017-09-01 12:38:48 PM,40.74144387,,-73.97536082,,1 Ave & E 30 St,,1 Ave & E 30 St,1,In Service,False,29
,8,30,,537,,2017-09-01 12:38:32 PM,40.74025878,,-73.98409214,,Lexington Ave & E 24 St,,Lexington Ave & E 24 St,1,In Service,False,39
,31,0,,539,,2017-09-01 12:39:11 PM,40.71534825,,-73.96024116,,Metropolitan Ave & Bedford Ave,,Metropolitan Ave & Bedford Ave,1,In Service,False,31
,5,24,,540,,2017-09-01 12:37:45 PM,40.7431155538,,-73.9821535349,,Lexington Ave & E 29 St,,Lexington Ave & E 29 St,1,In Service,False,30
,10,16,,545,,2017-09-01 12:39:16 PM,40.736502,,-73.97809472,,E 23 St & 1 Ave,,E 23 St & 1 Ave,1,In Service,False,27
,13,24,,546,,2017-09-01 12:38:47 PM,40.74444921,,-73.98303529,,E 30 St & Park Ave S,,E 30 St & Park Ave S,1,In Service,False,38
,30,0,,2000,,2017-09-01 12:38:05 PM,40.70255088,,-73.98940236,,Front St & Washington St,,Front St & Washington St,1,In Service,False,30
,14,1,,2001,,2017-09-01 12:38:47 PM,40.699773,,-73.979927,,Sands St & Navy St,,Sands St & Navy St,1,In Service,False,15
,24,2,,2002,,2017-09-01 12:37:21 PM,40.716887,,-73.963198,,Wythe Ave & Metropolitan Ave,,Wythe Ave & Metropolitan Ave,1,In Service,False,27
,0,37,,2003,,2017-09-01 12:39:06 PM,40.733812192,,-73.9805442095,,1 Ave & E 18 St,,1 Ave & E 18 St,1,In Service,False,39
,9,2,,2005,,2017-09-01 12:36:56 PM,40.70531194,,-73.97100056,,Railroad Ave & Kay Ave,,Railroad Ave & Kay Ave,1,In Service,False,12
,32,17,,2006,,2017-09-01 12:38:47 PM,40.76590936,,-73.97634151,,Central Park S & 6 Ave,,Central Park S & 6 Ave,1,In Service,False,49
,7,15,,2008,,2017-09-01 12:37:20 PM,40.70569254,,-74.01677685,,Little West St & 1 Pl,,Little West St & 1 Pl,1,In Service,False,24
,9,26,,2009,,2017-09-01 12:39:14 PM,40.71117444,,-73.99682619,,Catherine St & Monroe St,,Catherine St & Monroe St,1,In Service,False,35
,37,2,,2010,,2017-09-01 12:38:05 PM,40.72165481,,-74.00234737,,Grand St & Greene St,,Grand St & Greene St,1,In Service,False,39
,19,14,,2012,,2017-09-01 12:38:57 PM,40.739445,,-73.976806,,E 27 St & 1 Ave,,E 27 St & 1 Ave,1,In Service,False,36
,1,40,,2021,,2017-09-01 12:39:21 PM,40.75929124,,-73.98859651,,W 45 St & 8 Ave,,W 45 St & 8 Ave,1,In Service,False,43
,4,29,,2022,,2017-09-01 12:38:19 PM,40.759107,,-73.959223,,E 60 St & York Ave,,E 60 St & York Ave,1,In Service,False,33
,36,0,,2023,,2017-09-01 12:35:55 PM,40.75968085,,-73.97031366,,E 55 St & Lexington Ave,,E 55 St & Lexington Ave,1,In Service,False,36
,16,3,,3002,,2017-09-01 12:37:30 PM,40.711512,,-74.015756,,South End Ave & Liberty St,,South End Ave & Liberty St,1,In Service,False,25
,32,13,,3016,,2017-09-01 12:39:17 PM,40.720367753,,-73.9616507292,,Kent Ave & N 7 St,,Kent Ave & N 7 St,1,In Service,False,47
,11,12,,3041,,2017-09-01 12:38:57 PM,40.67890679,,-73.94142771,,Kingston Ave & Herkimer St,,Kingston Ave & Herkimer St,1,In Service,False,24
,1,17,,3042,,2017-09-01 12:36:08 PM,40.6794268,,-73.9298911,,Fulton St & Utica Ave,,Fulton St & Utica Ave,1,In Service,False,19
,10,8,,3043,,2017-09-01 12:37:20 PM,40.6814598,,-73.934903,,Lewis Ave & Decatur St,,Lewis Ave & Decatur St,1,In Service,False,19
,21,6,,3044,,2017-09-01 12:35:45 PM,40.6800105,,-73.938475,,Albany Ave & Fulton St,,Albany Ave & Fulton St,1,In Service,False,27
,13,6,,3046,,2017-09-01 12:37:03 PM,40.682601,,-73.938037,,Marcus Garvey Blvd & Macon St,,Marcus Garvey Blvd & Macon St,1,In Service,False,19
,0,21,,3047,,2017-09-01 12:37:23 PM,40.6823687,,-73.944118,,Halsey St & Tompkins Ave,,Halsey St & Tompkins Ave,1,In Service,False,21
,2,17,,3048,,2017-09-01 12:38:57 PM,40.68402,,-73.94977,,Putnam Ave & Nostrand Ave,,Putnam Ave & Nostrand Ave,1,In Service,False,19
,8,10,,3049,,2017-09-01 12:37:29 PM,40.68488,,-73.96304,,Cambridge Pl & Gates Ave,,Cambridge Pl & Gates Ave,1,In Service,False,18
,6,15,,3050,,2017-09-01 12:39:10 PM,40.6851532,,-73.94111,,Putnam Ave & Throop Ave,,Putnam Ave & Throop Ave,1,In Service,False,21
,2,21,,3052,,2017-09-01 12:36:01 PM,40.686312,,-73.935775,,Lewis Ave & Madison St,,Lewis Ave & Madison St,1,In Service,False,23
,16,7,,3053,,2017-09-01 12:36:31 PM,40.6900815,,-73.947915,,Marcy Ave & Lafayette Ave,,Marcy Ave & Lafayette Ave,1,In Service,False,23
,7,12,,3054,,2017-09-01 12:37:26 PM,40.6894932,,-73.942061,,Greene Ave & Throop Ave,,Greene Ave & Throop Ave,1,In Service,False,19
,8,15,,3055,,2017-09-01 12:38:02 PM,40.6883337,,-73.950916,,Greene Ave & Nostrand Ave,,Greene Ave & Nostrand Ave,1,In Service,False,23
,5,18,,3056,,2017-09-01 12:38:52 PM,40.69072549,,-73.95133465,,Kosciuszko St & Nostrand Ave,,Kosciuszko St & Nostrand Ave,1,In Service,False,23
,1,16,,3057,,2017-09-01 12:36:02 PM,40.69128258,,-73.9452416,,Kosciuszko St & Tompkins Ave,,Kosciuszko St & Tompkins Ave,1,In Service,False,18
,0,24,,3058,,2017-09-01 12:35:47 PM,40.69237074,,-73.93705428,,Lewis Ave & Kosciuszko St,,Lewis Ave & Kosciuszko St,1,In Service,False,24
,5,14,,3059,,2017-09-01 12:38:58 PM,40.6933982,,-73.939877,,Pulaski St & Marcus Garvey Blvd,,Pulaski St & Marcus Garvey Blvd,1,In Service,False,19
,2,17,,3060,,2017-09-01 12:38:26 PM,40.69425403,,-73.94626915,,Willoughby Ave & Tompkins Ave,,Willoughby Ave & Tompkins Ave,1,In Service,False,19
,7,14,,3061,,2017-09-01 12:38:48 PM,40.69622937,,-73.94371094,,Throop Ave & Myrtle Ave,,Throop Ave & Myrtle Ave,1,In Service,False,21
,6,16,,3062,,2017-09-01 12:36:41 PM,40.69539817,,-73.94954908,,Myrtle Ave & Marcy Ave,,Myrtle Ave & Marcy Ave,1,In Service,False,23
,12,7,,3063,,2017-09-01 12:37:03 PM,40.69527008,,-73.95238108,,Nostrand Ave & Myrtle Ave,,Nostrand Ave & Myrtle Ave,1,In Service,False,20
,21,2,,3064,,2017-09-01 12:38:10 PM,40.69681963,,-73.93756926,,Myrtle Ave & Lewis Ave,,Myrtle Ave & Lewis Ave,1,In Service,False,23
,16,11,,3065,,2017-09-01 12:36:15 PM,40.70029511,,-73.95032283,,Union Ave & Wallabout St,,Union Ave & Wallabout St,1,In Service,False,27
,15,3,,3066,,2017-09-01 12:39:18 PM,40.69957608,,-73.94708417,,Tompkins Ave & Hopkins St,,Tompkins Ave & Hopkins St,1,In Service,False,19
,13,14,,3067,,2017-09-01 12:35:37 PM,40.7016657,,-73.9437303,,Broadway & Whipple St,,Broadway & Whipple St,1,In Service,False,27
,19,5,,3068,,2017-09-01 12:36:18 PM,40.7031724,,-73.940636,,Humboldt St & Varet St,,Humboldt St & Varet St,1,In Service,False,24
,20,5,,3069,,2017-09-01 12:37:36 PM,40.70411791,,-73.94818595,,Lorimer St & Broadway,,Lorimer St & Broadway,1,In Service,False,25
,9,14,,3070,,2017-09-01 12:39:18 PM,40.70510918,,-73.94407279,,McKibbin St & Manhattan Ave,,McKibbin St & Manhattan Ave,1,In Service,False,23
,0,19,,3071,,2017-09-01 12:36:34 PM,40.70538077,,-73.94976519,,Boerum St & Broadway,,Boerum St & Broadway,1,In Service,False,19
,8,15,,3072,,2017-09-01 12:39:07 PM,40.70583339,,-73.94644578,,Leonard St & Boerum St,,Leonard St & Boerum St,1,In Service,False,24
,9,16,,3073,,2017-09-01 12:38:02 PM,40.70691254,,-73.95441667,,Division Ave & Hooper St,,Division Ave & Hooper St,1,In Service,False,27
,31,0,,3074,,2017-09-01 12:35:54 PM,40.70767788,,-73.94016171,,Montrose Ave & Bushwick Ave,,Montrose Ave & Bushwick Ave,1,In Service,False,31
,14,19,,3075,,2017-09-01 12:37:55 PM,40.70708701,,-73.95796783,,Division Ave & Marcy Ave,,Division Ave & Marcy Ave,1,In Service,False,33
,3,21,,3076,,2017-09-01 12:37:21 PM,40.70870368,,-73.9448625,,Scholes St & Manhattan Ave,,Scholes St & Manhattan Ave,1,In Service,False,24
,9,24,,3077,,2017-09-01 12:35:48 PM,40.70877084,,-73.95095259,,Stagg St & Union Ave,,Stagg St & Union Ave,1,In Service,False,33
,5,21,,3078,,2017-09-01 12:39:01 PM,40.7092482628,,-73.9606314898,,Broadway & Roebling St,,Broadway & Roebling St,1,In Service,False,27
,1,20,,3080,,2017-09-01 12:36:38 PM,40.70934,,-73.95608,,S 4 St & Rodney St,,S 4 St & Rodney St,1,In Service,False,21
,12,11,,3081,,2017-09-01 12:35:49 PM,40.711863,,-73.944024,,Graham Ave & Grand St,,Graham Ave & Grand St,1,In Service,False,23
,3,21,,3082,,2017-09-01 12:38:40 PM,40.71167351,,-73.95141312,,Hope St & Union Ave,,Hope St & Union Ave,1,In Service,False,25
,11,19,,3083,,2017-09-01 12:37:32 PM,40.71247661,,-73.94100005,,Bushwick Ave & Powers St,,Bushwick Ave & Powers St,1,In Service,False,30
,11,14,,3085,,2017-09-01 12:36:18 PM,40.71469,,-73.95739,,Roebling St & N 4 St,,Roebling St & N 4 St,1,In Service,False,25
,2,21,,3086,,2017-09-01 12:36:28 PM,40.715143,,-73.944507,,Graham Ave & Conselyea St,,Graham Ave & Conselyea St,1,In Service,False,25
,0,29,,3087,,2017-09-01 12:37:27 PM,40.71413311,,-73.95234386,,Metropolitan Ave & Meeker Ave,,Metropolitan Ave & Meeker Ave,1,In Service,False,30
,6,13,,3088,,2017-09-01 12:39:08 PM,40.7160751,,-73.952029,,Union Ave & Jackson St,,Union Ave & Jackson St,1,In Service,False,19
,27,3,,3090,,2017-09-01 12:39:02 PM,40.71774592,,-73.95600096,,N 8 St & Driggs Ave,,N 8 St & Driggs Ave,1,In Service,False,31
,4,27,,3091,,2017-09-01 12:36:07 PM,40.71764,,-73.94882,,Frost St & Meeker St,,Frost St & Meeker St,1,In Service,False,31
,2,25,,3092,,2017-09-01 12:39:11 PM,40.7190095,,-73.95852515,,Berry St & N 8 St,,Berry St & N 8 St,1,In Service,False,27
,25,2,,3093,,2017-09-01 12:37:56 PM,40.71745169,,-73.95850939,,N 6 St & Bedford Ave,,N 6 St & Bedford Ave,1,In Service,False,28
,0,18,,3094,,2017-09-01 12:35:54 PM,40.7169811,,-73.94485918,,Graham Ave & Withers St,,Graham Ave & Withers St,1,In Service,False,18
,4,19,,3095,,2017-09-01 12:39:17 PM,40.71929301,,-73.94500379,,Graham Ave & Herbert St,,Graham Ave & Herbert St,1,In Service,False,23
,6,32,,3096,,2017-09-01 12:37:53 PM,40.71924,,-73.95242,,Union Ave & N 12 St,,Union Ave & N 12 St,1,In Service,False,39
,22,16,,3100,,2017-09-01 12:35:34 PM,40.7248125644,,-73.9475262165,,Nassau Ave & Newell St,,Nassau Ave & Newell St,1,In Service,False,39
,7,20,,3101,,2017-09-01 12:36:14 PM,40.72079821,,-73.95484712,,N 12 St & Bedford Ave,,N 12 St & Bedford Ave,1,In Service,False,27
,2,23,,3102,,2017-09-01 12:38:28 PM,40.72179134,,-73.9504154,,Driggs Ave & Lorimer St,,Driggs Ave & Lorimer St,1,In Service,False,27
,22,5,,3103,,2017-09-01 12:36:11 PM,40.72153267,,-73.95782357,,N 11 St & Wythe Ave,,N 11 St & Wythe Ave,1,In Service,False,27
,18,6,,3105,,2017-09-01 12:36:48 PM,40.724055,,-73.955736,,N 15 St & Wythe Ave,,N 15 St & Wythe Ave,1,In Service,False,24
,1,18,,3106,,2017-09-01 12:36:34 PM,40.72325,,-73.94308,,Driggs Ave & N Henry St,,Driggs Ave & N Henry St,1,In Service,False,19
,37,1,,3107,,2017-09-01 12:36:14 PM,40.72311651,,-73.95212324,,Bedford Ave & Nassau Ave,,Bedford Ave & Nassau Ave,1,In Service,False,39
,6,18,,3108,,2017-09-01 12:37:47 PM,40.72557,,-73.94434,,Nassau Ave & Russell St,,Nassau Ave & Russell St,1,In Service,False,24
,6,25,,3109,,2017-09-01 12:37:11 PM,40.72606,,-73.95621,,Banker St & Meserole Ave,,Banker St & Meserole Ave,1,In Service,False,31
,9,18,,3110,,2017-09-01 12:38:36 PM,40.72708584,,-73.95299117,,Meserole Ave & Manhattan Ave,,Meserole Ave & Manhattan Ave,1,In Service,False,27
,32,1,,3112,,2017-09-01 12:38:39 PM,40.72906,,-73.95779,,Milton St & Franklin St,,Milton St & Franklin St,1,In Service,False,33
,21,6,,3113,,2017-09-01 12:35:26 PM,40.73026,,-73.95394,,Greenpoint Ave & Manhattan Ave,,Greenpoint Ave & Manhattan Ave,1,In Service,False,27
,12,21,,3115,,2017-09-01 12:35:55 PM,40.73232194,,-73.9550858,,India St & Manhattan Ave,,India St & Manhattan Ave,1,In Service,False,34
,22,13,,3116,,2017-09-01 12:36:35 PM,40.73266,,-73.95826,,Huron St & Franklin St,,Huron St & Franklin St,1,In Service,False,35
,19,8,,3117,,2017-09-01 12:35:40 PM,40.73564,,-73.95866,,Franklin St & Dupont St,,Franklin St & Dupont St,1,In Service,False,27
,11,19,,3118,,2017-09-01 12:36:24 PM,40.73555,,-73.95284,,McGuinness Blvd & Eagle St,,McGuinness Blvd & Eagle St,1,In Service,False,30
,29,15,,3119,,2017-09-01 12:37:40 PM,40.74232744,,-73.95411749,,Vernon Blvd & 50 Ave,,Vernon Blvd & 50 Ave,1,In Service,False,45
,13,7,,3120,,2017-09-01 12:38:06 PM,40.74161,,-73.96044,,Center Blvd & Borden Ave,,Center Blvd & Borden Ave,1,In Service,False,20
,10,17,,3121,,2017-09-01 12:36:49 PM,40.74524768,,-73.94733276,,Jackson Ave & 46 Rd,,Jackson Ave & 46 Rd,1,In Service,False,27
,16,15,,3122,,2017-09-01 12:36:16 PM,40.7443632871,,-73.955873251,,48 Ave & 5 St,,48 Ave & 5 St,1,In Service,False,31
,21,6,,3123,,2017-09-01 12:38:58 PM,40.74469738,,-73.93540375,,31 St & Thomson Ave,,31 St & Thomson Ave,1,In Service,False,27
,18,9,,3124,,2017-09-01 12:36:12 PM,40.74731,,-73.95451,,46 Ave & 5 St,,46 Ave & 5 St,1,In Service,False,27
,22,1,,3125,,2017-09-01 12:38:18 PM,40.74708586,,-73.94977234,,45 Rd & 11 St,,45 Rd & 11 St,1,In Service,False,23
,15,19,,3126,,2017-09-01 12:39:01 PM,40.74718234,,-73.9432635,,44 Dr & Jackson Ave,,44 Dr & Jackson Ave,1,In Service,False,34
,30,5,,3127,,2017-09-01 12:35:26 PM,40.74966,,-73.9521,,9 St & 44 Rd,,9 St & 44 Rd,1,In Service,False,35
,7,16,,3128,,2017-09-01 12:38:40 PM,40.75052534,,-73.94594845,,21 St & 43 Ave,,21 St & 43 Ave,1,In Service,False,23
,14,16,,3129,,2017-09-01 12:36:51 PM,40.75110165,,-73.94073717,,Queens Plaza North & Crescent St,,Queens Plaza North & Crescent St,1,In Service,False,31
,26,3,,3130,,2017-09-01 12:36:48 PM,40.75325964,,-73.94335788,,21 St & Queens Plaza North,,21 St & Queens Plaza North,1,In Service,False,31
,2,29,,3131,,2017-09-01 12:35:25 PM,40.7671284035,,-73.9622461796,,E 68 St & 3 Ave,,E 68 St & 3 Ave,1,In Service,False,31
,15,18,,3132,,2017-09-01 12:39:18 PM,40.76350532,,-73.97109243,,E 59 St & Madison Ave,,E 59 St & Madison Ave,1,In Service,False,35
,4,47,,3134,,2017-09-01 12:37:28 PM,40.76312584,,-73.96526895,,3 Ave & E 62 St,,3 Ave & E 62 St,1,In Service,False,51
,2,39,,3135,,2017-09-01 12:39:14 PM,40.77112927,,-73.95772297,,E 75 St & 3 Ave,,E 75 St & 3 Ave,1,In Service,False,41
,7,39,,3136,,2017-09-01 12:38:22 PM,40.766368,,-73.971518,,5 Ave & E 63 St,,5 Ave & E 63 St,1,In Service,False,47
,18,12,,3137,,2017-09-01 12:37:02 PM,40.77282817,,-73.96685276,,5 Ave & E 73 St,,5 Ave & E 73 St,1,In Service,False,31
,1,41,,3139,,2017-09-01 12:36:35 PM,40.7711828754,,-73.9640942216,,E 72 St & Park Ave,,E 72 St & Park Ave,1,In Service,False,43
,7,47,,3140,,2017-09-01 12:36:03 PM,40.77140426,,-73.9535166,,1 Ave & E 78 St,,1 Ave & E 78 St,1,In Service,False,55
,42,14,,3141,,2017-09-01 12:38:46 PM,40.76500525,,-73.95818491,,1 Ave & E 68 St,,1 Ave & E 68 St,1,In Service,False,59
,6,33,,3142,,2017-09-01 12:39:19 PM,40.7612274,,-73.96094022,,1 Ave & E 62 St,,1 Ave & E 62 St,1,In Service,False,41
,4,43,,3143,,2017-09-01 12:36:20 PM,40.7763214218,,-73.9642739296,,5 Ave & E 78 St,,5 Ave & E 78 St,1,In Service,False,47
,0,46,,3144,,2017-09-01 12:36:59 PM,40.77677702,,-73.9590097,,E 81 St & Park Ave,,E 81 St & Park Ave,1,In Service,False,46
,9,35,,3145,,2017-09-01 12:36:31 PM,40.77862688,,-73.95772073,,E 84 St & Park Ave,,E 84 St & Park Ave,1,In Service,False,45
,4,43,,3146,,2017-09-01 12:36:03 PM,40.77573034,,-73.9567526,,E 81 St & 3 Ave,,E 81 St & 3 Ave,1,In Service,False,47
,6,33,,3147,,2017-09-01 12:36:35 PM,40.77801203,,-73.95407149,,E 85 St & 3 Ave,,E 85 St & 3 Ave,1,In Service,False,39
,0,30,,3148,,2017-09-01 12:37:58 PM,40.77565541,,-73.95068615,,E 84 St & 1 Ave,,E 84 St & 1 Ave,1,In Service,False,31
,0,46,,3150,,2017-09-01 12:37:56 PM,40.77536905,,-73.94803392,,E 85 St & York Ave,,E 85 St & York Ave,1,In Service,False,47
,1,42,,3151,,2017-09-01 12:39:12 PM,40.7728384,,-73.94989233,,E 81 St & York Ave,,E 81 St & York Ave,1,In Service,False,43
,0,42,,3152,,2017-09-01 12:36:10 PM,40.76873687,,-73.96119945,,3 Ave & E 71 St,,3 Ave & E 71 St,1,In Service,False,42
,0,0,,3155,,2017-09-01 09:09:07 AM,40.76440023,,-73.96648977,,Lexington Ave & E 63 St,,Lexington Ave & E 63 St,3,Not In Service,False,39
,13,25,,3156,,2017-09-01 12:39:19 PM,40.76663814,,-73.95348296,,E 72 St & York Ave,,E 72 St & York Ave,1,In Service,False,39
,0,27,,3157,,2017-09-01 12:35:26 PM,40.77518615,,-73.94446054,,East End Ave & E 86 St,,East End Ave & E 86 St,1,In Service,False,27
,14,16,,3158,,2017-09-01 12:38:49 PM,40.77163851,,-73.98261428,,W 63 St & Broadway,,W 63 St & Broadway,1,In Service,False,31
,1,30,,3159,,2017-09-01 12:36:57 PM,40.77492513,,-73.98266566,,W 67 St & Broadway,,W 67 St & Broadway,1,In Service,False,31
,10,29,,3160,,2017-09-01 12:37:31 PM,40.77896784,,-73.97374737,,Central Park West & W 76 St,,Central Park West & W 76 St,1,In Service,False,39
,0,56,,3161,,2017-09-01 12:38:48 PM,40.7801839724,,-73.9772853255,,W 76 St & Columbus Ave,,W 76 St & Columbus Ave,1,In Service,False,59
,0,38,,3162,,2017-09-01 12:37:30 PM,40.78339981,,-73.98093133,,W 78 St & Broadway,,W 78 St & Broadway,1,In Service,False,39
,4,35,,3163,,2017-09-01 12:35:51 PM,40.7734066,,-73.97782542,,Central Park West & W 68 St,,Central Park West & W 68 St,1,In Service,False,43
,0,66,,3164,,2017-09-01 12:35:58 PM,40.7770575,,-73.97898475,,Columbus Ave & W 72 St,,Columbus Ave & W 72 St,1,In Service,False,67
,7,41,,3165,,2017-09-01 12:38:56 PM,40.7757937668,,-73.9762057364,,Central Park West & W 72 St,,Central Park West & W 72 St,1,In Service,False,51
,5,35,,3166,,2017-09-01 12:36:33 PM,40.7805779901,,-73.9856243134,,Riverside Dr & W 72 St,,Riverside Dr & W 72 St,1,In Service,False,41
,10,31,,3167,,2017-09-01 12:36:38 PM,40.7796680901,,-73.9809304476,,Amsterdam Ave & W 73 St,,Amsterdam Ave & W 73 St,1,In Service,False,55
,0,30,,3168,,2017-09-01 12:37:02 PM,40.78472675,,-73.96961715,,Central Park West & W 85 St,,Central Park West & W 85 St,1,In Service,False,31
,2,36,,3169,,2017-09-01 12:36:03 PM,40.78720869,,-73.98128127,,Riverside Dr & W 82 St,,Riverside Dr & W 82 St,1,In Service,False,39
,1,34,,3170,,2017-09-01 12:36:42 PM,40.78499979,,-73.97283406,,W 84 St & Columbus Ave,,W 84 St & Columbus Ave,1,In Service,False,35
,1,38,,3171,,2017-09-01 12:37:19 PM,40.78524672,,-73.97667321,,Amsterdam Ave & W 82 St,,Amsterdam Ave & W 82 St,1,In Service,False,39
,0,27,,3172,,2017-09-01 12:39:07 PM,40.7785669,,-73.97754961,,W 74 St & Columbus Ave,,W 74 St & Columbus Ave,1,In Service,False,27
,11,27,,3173,,2017-09-01 12:37:23 PM,40.7775070275,,-73.9888858795,,Riverside Blvd & W 67 St,,Riverside Blvd & W 67 St,1,In Service,False,39
,6,23,,3175,,2017-09-01 12:37:01 PM,40.77748046,,-73.98288594,,W 70 St & Amsterdam Ave,,W 70 St & Amsterdam Ave,1,In Service,False,31
,0,42,,3176,,2017-09-01 12:38:51 PM,40.77452835,,-73.98753759,,W 64 St & West End Ave,,W 64 St & West End Ave,1,In Service,False,43
,1,61,,3177,,2017-09-01 12:38:09 PM,40.7867947,,-73.977112,,W 84 St & Broadway,,W 84 St & Broadway,1,In Service,False,63
,4,35,,3178,,2017-09-01 12:37:21 PM,40.78414472,,-73.98362492,,Riverside Dr & W 78 St,,Riverside Dr & W 78 St,1,In Service,False,39
,5,18,,3179,,2017-09-01 12:36:21 PM,40.698617,,-73.941342,,Park Ave & Marcus Garvey Blvd,,Park Ave & Marcus Garvey Blvd,1,In Service,False,23
,24,7,,3180,,2017-09-01 12:39:21 PM,40.69878,,-73.99712,,Brooklyn Bridge Park - Pier 2,,Brooklyn Bridge Park - Pier 2,1,In Service,False,31
,26,16,,3182,,2017-09-01 12:36:57 PM,40.686931,,-74.016966,,Yankee Ferry Terminal,,Yankee Ferry Terminal,1,In Service,False,42
,14,14,,3183,,2017-09-01 12:37:49 PM,40.7162469,,-74.0334588,,Exchange Place,,Exchange Place,1,In Service,False,30
,7,5,,3184,,2017-09-01 12:38:49 PM,40.7141454,,-74.0335519,,Paulus Hook,,Paulus Hook,1,In Service,False,14
,6,16,,3185,,2017-09-01 12:36:01 PM,40.7177325,,-74.043845,,City Hall,,City Hall,1,In Service,False,22
,24,18,,3186,,2017-09-01 12:38:47 PM,40.7195861165,,-74.0431174636,,Grove St PATH,,Grove St PATH,1,In Service,False,42
,7,14,,3187,,2017-09-01 12:37:32 PM,40.7211236,,-74.03805095,,Warren St,,Warren St,1,In Service,False,22
,12,5,,3188,,2017-09-01 12:37:55 PM,40.7101087,,-74.0858489,,NJCU,,NJCU,1,In Service,False,18
,14,0,,3189,,2017-09-01 12:36:21 PM,40.714402,,-74.0887723,,West Side Light Rail,,West Side Light Rail,1,In Service,False,14
,8,6,,3190,,2017-09-01 12:37:07 PM,40.7104670234,,-74.0700387955,,Garfield Ave Station,,Garfield Ave Station,1,In Service,False,14
,5,13,,3191,,2017-09-01 12:38:02 PM,40.7182113,,-74.0836394,,Union St,,Union St,1,In Service,False,18
,16,6,,3192,,2017-09-01 12:38:47 PM,40.7112423,,-74.0557013,,Liberty Light Rail,,Liberty Light Rail,1,In Service,False,22
,7,11,,3193,,2017-09-01 12:36:44 PM,40.7246050999,,-74.0784059465,,Lincoln Park,,Lincoln Park,1,In Service,False,18
,1,21,,3194,,2017-09-01 12:36:45 PM,40.7253399254,,-74.0676221251,,McGinley Square,,McGinley Square,1,In Service,False,22
,31,7,,3195,,2017-09-01 12:38:05 PM,40.7307426253,,-74.063783884,,Sip Ave,,Sip Ave,1,In Service,False,38
,3,15,,3196,,2017-09-01 12:36:21 PM,40.7443187,,-74.0439909,,Riverview Park,,Riverview Park,1,In Service,False,18
,9,9,,3198,,2017-09-01 12:39:04 PM,40.7487159454,,-74.0404433012,,Heights Elevator,,Heights Elevator,1,In Service,False,18
,0,14,,3199,,2017-09-01 12:37:22 PM,40.7287448,,-74.0321082,,Newport Pkwy,,Newport Pkwy,1,In Service,False,14
,2,16,,3200,,2017-09-01 12:36:37 PM,40.7111305,,-74.0788855,,MLK Light Rail,,MLK Light Rail,1,In Service,False,18
,7,11,,3201,,2017-09-01 12:36:24 PM,40.737711,,-74.066921,,Dey St,,Dey St,1,In Service,False,18
,8,8,,3202,,2017-09-01 12:39:21 PM,40.7272235,,-74.0337589,,Newport PATH,,Newport PATH,1,In Service,False,18
,17,9,,3203,,2017-09-01 12:38:54 PM,40.727595966,,-74.044247311,,Hamilton Park,,Hamilton Park,1,In Service,False,26
,2,20,,3205,,2017-09-01 12:38:32 PM,40.716539781,,-74.0496379137,,JC Medical Center,,JC Medical Center,1,In Service,False,22
,0,26,,3206,,2017-09-01 12:36:02 PM,40.7311689,,-74.0575736,,Hilltop,,Hilltop,1,In Service,False,26
,7,19,,3207,,2017-09-01 12:37:43 PM,40.7376037,,-74.0524783,,Oakland Ave,,Oakland Ave,1,In Service,False,26
,7,15,,3209,,2017-09-01 12:38:48 PM,40.7241765,,-74.0506564,,Brunswick St,,Brunswick St,1,In Service,False,22
,1,17,,3210,,2017-09-01 12:35:27 PM,40.742677141,,-74.051788633,,Pershing Field,,Pershing Field,1,In Service,False,18
,7,15,,3211,,2017-09-01 12:35:34 PM,40.72152515,,-74.046304543,,Newark Ave,,Newark Ave,1,In Service,False,22
,3,19,,3212,,2017-09-01 12:38:17 PM,40.734785818,,-74.050443636,,Christ Hospital,,Christ Hospital,1,In Service,False,22
,2,20,,3213,,2017-09-01 12:36:21 PM,40.71848892,,-74.047726625,,Van Vorst Park,,Van Vorst Park,1,In Service,False,22
,6,15,,3214,,2017-09-01 12:36:40 PM,40.7127742,,-74.0364857,,Essex Light Rail,,Essex Light Rail,1,In Service,False,22
,0,18,,3215,,2017-09-01 12:37:48 PM,40.73367,,-74.0625,,Journal Square,,Journal Square,1,In Service,False,18
,2,16,,3216,,2017-09-01 12:35:59 PM,40.6970299,,-74.0969366,,Columbia Park,,Columbia Park,1,In Service,False,18
,8,10,,3217,,2017-09-01 12:37:45 PM,40.698650544,,-74.082079678,,Bayside Park,,Bayside Park,1,In Service,False,18
,1,17,,3220,,2017-09-01 12:37:07 PM,40.73496102,,-74.0595030785,,5 Corners Library,,5 Corners Library,1,In Service,False,18
,20,5,,3221,,2017-09-01 12:35:50 PM,40.743,,-73.93561,,47 Ave & 31 St,,47 Ave & 31 St,1,In Service,False,27
,13,39,,3223,,2017-09-01 12:39:05 PM,40.7589965596,,-73.9686539769,,E 55 St & 3 Ave,,E 55 St & 3 Ave,1,In Service,False,54
,24,14,,3224,,2017-09-01 12:36:53 PM,40.739973541,,-74.005138725,,W 13 St & Hudson St,,W 13 St & Hudson St,1,In Service,False,39
,0,14,,3225,,2017-09-01 12:35:39 PM,40.7236589,,-74.0641943,,Baldwin at Montgomery,,Baldwin at Montgomery,1,In Service,False,14
,14,5,,3226,,2017-09-01 12:39:21 PM,40.78275,,-73.97137,,W 82 St & Central Park West,,W 82 St & Central Park West,3,Not In Service,False,19
,2,37,,3231,,2017-09-01 12:35:37 PM,40.7678008015,,-73.9659208059,,E 67 St & Park Ave,,E 67 St & Park Ave,1,In Service,False,39
,17,14,,3232,,2017-09-01 12:37:46 PM,40.6896218879,,-73.9830426872,,Bond St & Fulton St,,Bond St & Fulton St,1,In Service,False,31
,32,6,,3233,,2017-09-01 12:39:09 PM,40.7572456791,,-73.9780591428,,E 48 St & 5 Ave,,E 48 St & 5 Ave,1,In Service,False,39
,29,2,,3235,,2017-09-01 12:37:16 PM,40.7521652806,,-73.979921937,,E 41 St & Madison Ave,,E 41 St & Madison Ave,1,In Service,False,31
,2,31,,3236,,2017-09-01 12:36:58 PM,40.758984814,,-73.9937996864,,W 42 St & Dyer Ave,,W 42 St & Dyer Ave,1,In Service,False,33
,0,36,,3238,,2017-09-01 12:36:24 PM,40.7739139024,,-73.9543953538,,E 80 St & 2 Ave,,E 80 St & 2 Ave,1,In Service,False,37
,0,18,,3241,,2017-09-01 12:36:11 PM,40.686203,,-73.944694,,Monroe St & Tompkins Ave,,Monroe St & Tompkins Ave,1,In Service,False,19
,24,14,,3242,,2017-09-01 12:36:38 PM,40.6910292568,,-73.9918336272,,Schermerhorn St & Court St,,Schermerhorn St & Court St,1,In Service,False,39
,9,20,,3243,,2017-09-01 12:38:56 PM,40.7589238638,,-73.9622622728,,E 58 St & 1 Ave,,E 58 St & 1 Ave,1,In Service,False,29
,27,3,,3244,,2017-09-01 12:37:33 PM,40.7314372409,,-73.9949034154,,University Pl & E 8 St,,University Pl & E 8 St,1,In Service,False,31
,4,15,,3249,,2017-09-01 12:39:18 PM,40.680356084,,-73.9476791024,,Verona Pl & Fulton St,,Verona Pl & Fulton St,1,In Service,False,19
,17,12,,3254,,2017-09-01 12:36:27 PM,40.6923166072,,-74.014865756,,Soissons Landing,,Soissons Landing,1,In Service,False,29
,14,4,,3255,,2017-09-01 12:38:29 PM,40.750585347,,-73.9946848154,,8 Ave & W 31 St,,8 Ave & W 31 St,1,In Service,False,19
,6,9,,3256,,2017-09-01 12:39:09 PM,40.7277140778,,-74.0112957358,,Pier 40 - Hudson River Park,,Pier 40 - Hudson River Park,1,In Service,False,22
,28,7,,3258,,2017-09-01 12:39:03 PM,40.7501815633,,-74.0021842718,,W 27 St & 10 Ave,,W 27 St & 10 Ave,1,In Service,False,37
,0,26,,3259,,2017-09-01 12:37:50 PM,40.7493702419,,-73.9992338419,,9 Ave & W 28 St,,9 Ave & W 28 St,1,In Service,False,27
,25,5,,3260,,2017-09-01 12:37:48 PM,40.7270636335,,-73.9966213703,,Mercer St & Bleecker St,,Mercer St & Bleecker St,1,In Service,False,31
,50,6,,3263,,2017-09-01 12:36:57 PM,40.7292364991,,-73.990868032,,Cooper Square & E 7 St,,Cooper Square & E 7 St,1,In Service,False,59
,1,13,,3267,,2017-09-01 12:37:16 PM,40.7124188238,,-74.0385255218,,Morris Canal,,Morris Canal,1,In Service,False,14
,6,8,,3268,,2017-09-01 12:39:15 PM,40.7134638267,,-74.0628585219,,Lafayette Park,,Lafayette Park,1,In Service,False,14
,4,10,,3269,,2017-09-01 12:37:20 PM,40.7260117296,,-74.0503889322,,Brunswick & 6th,,Brunswick & 6th,1,In Service,False,14
,3,11,,3270,,2017-09-01 12:36:38 PM,40.7252891078,,-74.0455716848,,Jersey & 6th St,,Jersey & 6th St,1,In Service,False,14
,10,4,,3271,,2017-09-01 12:35:40 PM,40.6926399662,,-74.0880122781,,Danforth Light Rail,,Danforth Light Rail,1,In Service,False,14
,3,11,,3272,,2017-09-01 12:37:51 PM,40.7233315865,,-74.0459525585,,Jersey & 3rd,,Jersey & 3rd,1,In Service,False,14
,3,15,,3273,,2017-09-01 12:39:07 PM,40.7216507249,,-74.0428841114,,Manila & 1st,,Manila & 1st,1,In Service,False,18
,5,9,,3274,,2017-09-01 12:35:27 PM,40.7049575167,,-74.0859308839,,Bethune Center,,Bethune Center,1,In Service,False,14
,6,8,,3275,,2017-09-01 12:39:19 PM,40.7183551982,,-74.0389144421,,Columbus Drive,,Columbus Drive,1,In Service,False,14
,6,19,,3276,,2017-09-01 12:38:03 PM,40.7145840354,,-74.0428170562,,Marin Light Rail,,Marin Light Rail,1,In Service,False,26
,6,8,,3277,,2017-09-01 12:38:32 PM,40.7143583687,,-74.0666109324,,Communipaw & Berry Lane,,Communipaw & Berry Lane,1,In Service,False,14
,6,8,,3278,,2017-09-01 12:37:40 PM,40.7256854836,,-74.0487903357,,Monmouth and 6th,,Monmouth and 6th,1,In Service,False,14
,10,8,,3279,,2017-09-01 12:35:40 PM,40.7216301426,,-74.0499678254,,Dixon Mills,,Dixon Mills,1,In Service,False,18
,1,13,,3280,,2017-09-01 12:38:07 PM,40.7192822007,,-74.0712618828,,Astor Place,,Astor Place,1,In Service,False,14
,10,4,,3281,,2017-09-01 12:35:41 PM,40.7459099663,,-74.0572714806,,Leonard Gordon Park,,Leonard Gordon Park,1,In Service,False,14
,36,2,,3282,,2017-09-01 12:38:52 PM,40.78307,,-73.95939,,5 Ave & E 88 St,,5 Ave & E 88 St,1,In Service,False,38
,2,43,,3283,,2017-09-01 12:35:48 PM,40.7882213,,-73.97041561,,W 89 St & Columbus Ave,,W 89 St & Columbus Ave,1,In Service,False,47
,8,30,,3284,,2017-09-01 12:38:46 PM,40.7814107002,,-73.9559590816,,E 88 St & Park Ave,,E 88 St & Park Ave,1,In Service,False,38
,1,42,,3285,,2017-09-01 12:37:38 PM,40.78839,,-73.9747,,W 87 St  & Amsterdam Ave,,W 87 St  & Amsterdam Ave,1,In Service,False,43
,1,38,,3286,,2017-09-01 12:38:24 PM,40.7806284,,-73.9521667,,E 89 St & 3 Ave,,E 89 St & 3 Ave,1,In Service,False,39
,13,25,,3288,,2017-09-01 12:38:49 PM,40.778301,,-73.9488134,,E 88 St & 1 Ave,,E 88 St & 1 Ave,1,In Service,False,39
,0,32,,3289,,2017-09-01 12:38:56 PM,40.790179481,,-73.972889185,,W 90 St & Amsterdam Ave,,W 90 St & Amsterdam Ave,1,In Service,False,32
,1,34,,3290,,2017-09-01 12:39:08 PM,40.7779453,,-73.946041,,E 89 St & York Ave,,E 89 St & York Ave,1,In Service,False,35
,16,25,,3292,,2017-09-01 12:39:01 PM,40.7857851,,-73.957481,,5 Ave & E 93 St,,5 Ave & E 93 St,1,In Service,False,43
,3,21,,3293,,2017-09-01 12:37:34 PM,40.7921,,-73.9739,,W 92 St & Broadway,,W 92 St & Broadway,1,In Service,False,24
,3,34,,3294,,2017-09-01 12:38:45 PM,40.7835016,,-73.955327,,E 91 St & Park Ave,,E 91 St & Park Ave,1,In Service,False,38
,1,58,,3295,,2017-09-01 12:38:36 PM,40.79127,,-73.964839,,Central Park W & W 96 St,,Central Park W & W 96 St,1,In Service,False,59
,1,41,,3296,,2017-09-01 12:36:02 PM,40.7824541753,,-73.9489196241,,E 93 St & 2 Ave,,E 93 St & 2 Ave,1,In Service,False,42
,1,20,,3297,,2017-09-01 12:36:26 PM,40.6686627,,-73.97988067,,6 St & 7 Ave,,6 St & 7 Ave,1,In Service,False,21
,12,11,,3298,,2017-09-01 12:38:20 PM,40.686371,,-73.99383324,,Warren St & Court St,,Warren St & Court St,1,In Service,False,23
,0,0,,3299,,1969-12-31 07:00:00 PM,40.787278535,,-73.9501051605,,Coming Soon: E 98 St & Lexington Ave,,Coming Soon: E 98 St & Lexington Ave,3,Not In Service,False,0
,10,15,,3300,,2017-09-01 12:37:19 PM,40.6651468153,,-73.9763760567,,Prospect Park West & 8 St,,Prospect Park West & 8 St,1,In Service,False,25
,1,36,,3301,,2017-09-01 12:38:23 PM,40.7919557,,-73.968087,,Columbus Ave & W 95 St,,Columbus Ave & W 95 St,1,In Service,False,39
,1,21,,3302,,2017-09-01 12:38:41 PM,40.7969347,,-73.9643412291,,Columbus Ave & W 103 St,,Columbus Ave & W 103 St,1,In Service,False,22
,10,14,,3303,,2017-09-01 12:37:10 PM,40.6849894,,-73.99440329,,Butler St & Court St,,Butler St & Court St,1,In Service,False,25
,1,26,,3304,,2017-09-01 12:37:09 PM,40.668127,,-73.98377641,,6 Ave & 9 St,,6 Ave & 9 St,1,In Service,False,27
,2,37,,3305,,2017-09-01 12:36:00 PM,40.7811222993,,-73.9496558905,,E 91 St & 2 Ave,,E 91 St & 2 Ave,1,In Service,False,39
,0,23,,3306,,2017-09-01 12:39:10 PM,40.6662078,,-73.98199886,,10 St & 7 Ave,,10 St & 7 Ave,1,In Service,False,23
,4,26,,3307,,2017-09-01 12:38:16 PM,40.7941654,,-73.974124,,West End Ave & W 94 St,,West End Ave & W 94 St,1,In Service,False,31
,2,24,,3308,,2017-09-01 12:35:32 PM,40.6861758,,-73.99645295,,Kane St & Clinton St,,Kane St & Clinton St,1,In Service,False,27
,1,28,,3309,,2017-09-01 12:39:01 PM,40.7859201,,-73.94860294,,E 97 St & 3 Ave,,E 97 St & 3 Ave,1,In Service,False,30
,1,23,,3310,,2017-09-01 12:39:17 PM,40.663779,,-73.98396846,,14 St & 7 Ave,,14 St & 7 Ave,1,In Service,False,24
,2,18,,3311,,2017-09-01 12:36:37 PM,40.68763155,,-74.0016256,,Columbia St & Kane St,,Columbia St & Kane St,1,In Service,False,21
,16,23,,3312,,2017-09-01 12:36:17 PM,40.7817212,,-73.94594,,1 Ave & E 94 St,,1 Ave & E 94 St,1,In Service,False,39
,1,28,,3313,,2017-09-01 12:38:53 PM,40.6663181,,-73.9854617,,6 Ave & 12 St,,6 Ave & 12 St,1,In Service,False,29
,2,29,,3314,,2017-09-01 12:37:37 PM,40.7937704,,-73.971888,,W 95 St & Broadway,,W 95 St & Broadway,1,In Service,False,32
,2,20,,3315,,2017-09-01 12:37:39 PM,40.6847514,,-73.99917254,,Henry St & Degraw St,,Henry St & Degraw St,1,In Service,False,23
,0,47,,3316,,2017-09-01 12:38:56 PM,40.7989937,,-73.9662173778,,W 104 St & Amsterdam Ave,,W 104 St & Amsterdam Ave,1,In Service,False,47
,3,21,,3317,,2017-09-01 12:37:45 PM,40.6686273,,-73.98700053,,10 St & 5 Ave,,10 St & 5 Ave,1,In Service,False,24
,10,28,,3318,,2017-09-01 12:38:27 PM,40.7839636,,-73.9471673,,2 Ave & E 96 St,,2 Ave & E 96 St,1,In Service,False,39
,1,18,,3319,,2017-09-01 12:36:03 PM,40.666287,,-73.98895053,,14 St & 5 Ave,,14 St & 5 Ave,1,In Service,False,21
,13,36,,3320,,2017-09-01 12:36:09 PM,40.793393,,-73.9635556,,Central Park West & W 100 St,,Central Park West & W 100 St,1,In Service,False,49
,1,24,,3321,,2017-09-01 12:36:31 PM,40.6831164,,-73.99785267,,Clinton St & Union St,,Clinton St & Union St,1,In Service,False,25
,6,19,,3322,,2017-09-01 12:35:26 PM,40.668603,,-73.9904394,,12 St & 4 Ave,,12 St & 4 Ave,1,In Service,False,25
,24,34,,3323,,2017-09-01 12:39:12 PM,40.7981856,,-73.9605909006,,W 106 St & Central Park West,,W 106 St & Central Park West,1,In Service,False,59
,20,5,,3324,,2017-09-01 12:39:20 PM,40.6685455,,-73.99333264,,3 Ave & 14 St,,3 Ave & 14 St,1,In Service,False,25
,14,16,,3325,,2017-09-01 12:37:12 PM,40.7849032,,-73.950503,,E 95 St & 3 Ave,,E 95 St & 3 Ave,1,In Service,False,31
,16,3,,3326,,2017-09-01 12:37:38 PM,40.67434,,-74.00194698,,Clinton St & Centre St,,Clinton St & Centre St,1,In Service,False,21
,0,27,,3327,,2017-09-01 12:36:09 PM,40.7877214,,-73.94728331,,3 Ave & E 100 St,,3 Ave & E 100 St,1,In Service,False,27
,4,35,,3328,,2017-09-01 12:37:33 PM,40.795,,-73.9645,,W 100 St & Manhattan Ave,,W 100 St & Manhattan Ave,1,In Service,False,39
,0,27,,3329,,2017-08-29 09:14:07 AM,40.6829151,,-73.99318208,,Degraw St & Smith St,,Degraw St & Smith St,3,Not In Service,False,27
,13,5,,3330,,2017-09-01 12:37:11 PM,40.6725058,,-74.00494695,,Henry St & Bay St,,Henry St & Bay St,1,In Service,False,19
,7,32,,3331,,2017-09-01 12:36:59 PM,40.8013434,,-73.9711457439,,Riverside Dr & W 104 St,,Riverside Dr & W 104 St,1,In Service,False,39
,0,19,,3332,,2017-08-29 10:49:29 AM,40.6819904427,,-73.9907902479,,Degraw St & Hoyt St,,Degraw St & Hoyt St,3,Not In Service,False,19
,3,17,,3333,,2017-09-01 12:35:36 PM,40.6747055,,-74.0075572,,Columbia St & Lorraine St,,Columbia St & Lorraine St,1,In Service,False,21
,4,24,,3335,,2017-09-01 12:38:03 PM,40.6772744,,-73.98282002,,Union St & 4 Ave,,Union St & 4 Ave,1,In Service,False,28
,4,37,,3336,,2017-09-01 12:35:24 PM,40.787801,,-73.953559,,E 97 St & Madison Ave,,E 97 St & Madison Ave,1,In Service,False,41
,12,11,,3337,,2017-09-01 12:37:57 PM,40.6736355134,,-74.0119555593,,Dwight St & Van Dyke St,,Dwight St & Van Dyke St,1,In Service,False,23
,1,29,,3338,,2017-09-01 12:38:38 PM,40.7862586,,-73.94552579,,2 Ave & E 99 St,,2 Ave & E 99 St,1,In Service,False,31
,3,20,,3339,,2017-09-01 12:36:11 PM,40.6765304,,-73.97846879,,Berkeley Pl & 6 Ave,,Berkeley Pl & 6 Ave,1,In Service,False,23
,8,13,,3340,,2017-09-01 12:38:11 PM,40.6753274,,-74.0100698,,Wolcott St & Dwight St,,Wolcott St & Dwight St,1,In Service,False,21
,0,14,,3341,,2017-09-01 12:39:17 PM,40.795346,,-73.96186,,Central Park West & W 102 St,,Central Park West & W 102 St,1,In Service,False,41
,4,19,,3342,,2017-09-01 12:36:41 PM,40.6777748,,-74.0094613,,Pioneer St & Richards St,,Pioneer St & Richards St,1,In Service,False,23
,1,22,,3343,,2017-09-01 12:36:59 PM,40.7997568,,-73.9621128676,,W 107 St & Columbus Ave,,W 107 St & Columbus Ave,1,In Service,False,23
,17,1,,3344,,2017-09-01 12:37:52 PM,40.679043,,-74.011169,,Pioneer St & Van Brunt St,,Pioneer St & Van Brunt St,1,In Service,False,19
,21,14,,3345,,2017-09-01 12:37:53 PM,40.7894854155,,-73.9524292946,,Madison Ave & E 99 St,,Madison Ave & E 99 St,1,In Service,False,35
,4,25,,3346,,2017-09-01 12:37:02 PM,40.6751468387,,-73.9752320945,,Berkeley Pl & 7 Ave,,Berkeley Pl & 7 Ave,1,In Service,False,29
,3,18,,3347,,2017-09-01 12:37:41 PM,40.6773429,,-74.01275056,,Van Brunt St & Wolcott St,,Van Brunt St & Wolcott St,1,In Service,False,21
,15,3,,3348,,2017-09-01 12:36:11 PM,40.677236,,-74.015665,,Coffey St & Conover St,,Coffey St & Conover St,1,In Service,False,19
,11,19,,3349,,2017-09-01 12:38:23 PM,40.6729679,,-73.97087984,,Grand Army Plaza & Plaza St West,,Grand Army Plaza & Plaza St West,1,In Service,False,30
,2,37,,3350,,2017-09-01 12:36:52 PM,40.7973721,,-73.97041192,,W 100 St & Broadway,,W 100 St & Broadway,1,In Service,False,39
,8,17,,3351,,2017-09-01 12:36:17 PM,40.7869946,,-73.94164802,,E 102 St & 1 Ave,,E 102 St & 1 Ave,1,In Service,False,25
,18,3,,3352,,2017-09-01 12:36:41 PM,40.6726724341,,-74.0087952465,,Sigourney St & Columbia St,,Sigourney St & Columbia St,1,In Service,False,21
,0,0,,3353,,2017-08-21 01:23:29 PM,40.6747844,,-74.01612847,,Reed St & Van Brunt St,,Reed St & Van Brunt St,3,Not In Service,False,23
,11,18,,3354,,2017-09-01 12:37:50 PM,40.668132,,-73.97363831,,3 St & Prospect Park West,,3 St & Prospect Park West,1,In Service,False,31
,1,24,,3355,,2017-09-01 12:36:19 PM,40.7680088931,,-73.9684528112,,E 66 St & Madison Ave,,E 66 St & Madison Ave,1,In Service,False,25
,0,21,,3356,,2017-09-01 12:38:13 PM,40.7746671,,-73.98470567,,Amsterdam Ave & W 66 St,,Amsterdam Ave & W 66 St,1,In Service,False,21
,10,25,,3357,,2017-09-01 12:38:49 PM,40.8008363,,-73.9664492472,,W 106 St & Amsterdam Ave,,W 106 St & Amsterdam Ave,1,In Service,False,35
,0,25,,3358,,2017-09-01 12:38:29 PM,40.6711978,,-73.97484126,,Garfield Pl & 8 Ave,,Garfield Pl & 8 Ave,1,In Service,False,25
,6,28,,3359,,2017-09-01 12:37:21 PM,40.7691572,,-73.96703464,,E 68 St & Madison Ave,,E 68 St & Madison Ave,1,In Service,False,35
,1,22,,3360,,2017-09-01 12:35:57 PM,40.7829391,,-73.9786517,,Amsterdam Ave & W 79 St,,Amsterdam Ave & W 79 St,1,In Service,False,25
,1,22,,3361,,2017-09-01 12:36:15 PM,40.6740886,,-73.9787282,,Carroll St & 6 Ave,,Carroll St & 6 Ave,1,In Service,False,23
,6,28,,3362,,2017-09-01 12:38:53 PM,40.7781314,,-73.96069399,,Madison Ave & E 82 St,,Madison Ave & E 82 St,1,In Service,False,34
,3,27,,3363,,2017-09-01 12:36:36 PM,40.7904828,,-73.95033068,,E 102 St & Park Ave,,E 102 St & Park Ave,1,In Service,False,33
,20,7,,3364,,2017-09-01 12:39:12 PM,40.6751622,,-73.9814832,,Carroll St & 5 Ave,,Carroll St & 5 Ave,1,In Service,False,27
,0,27,,3365,,2017-09-01 12:37:44 PM,40.6703837,,-73.97839676,,3 St & 7 Ave,,3 St & 7 Ave,1,In Service,False,27
,0,31,,3366,,2017-09-01 12:37:58 PM,40.8021174,,-73.9681805305,,West End Ave & W 107 St,,West End Ave & W 107 St,1,In Service,False,31
,6,33,,3367,,2017-09-01 12:36:27 PM,40.7922553,,-73.95249933,,5 Ave & E 103 St,,5 Ave & E 103 St,1,In Service,False,39
,10,20,,3368,,2017-09-01 12:38:39 PM,40.6728155,,-73.98352355,,5 Ave & 3 St,,5 Ave & 3 St,1,In Service,False,30
,0,29,,3369,,2017-09-01 12:36:53 PM,40.7724606779,,-73.9468207955,,E 82 St & East End Ave,,E 82 St & East End Ave,1,In Service,False,29
,3,21,,3370,,2017-09-01 12:39:02 PM,40.7727966,,-73.95577801,,E 78 St & 2 Ave,,E 78 St & 2 Ave,1,In Service,False,25
,6,21,,3371,,2017-09-01 12:37:58 PM,40.6746134225,,-73.9850114286,,4 Ave & 2 St,,4 Ave & 2 St,1,In Service,False,27
,2,36,,3372,,2017-09-01 12:37:38 PM,40.7689738,,-73.95482273,,E 74 St & 1 Ave,,E 74 St & 1 Ave,1,In Service,False,39
,19,8,,3373,,2017-09-01 12:39:01 PM,40.6750705,,-73.98775226,,3 St & 3 Ave,,3 St & 3 Ave,1,In Service,False,27
,28,6,,3374,,2017-09-01 12:38:35 PM,40.799484,,-73.955613,,Central Park North & Adam Clayton Powell Blvd,,Central Park North & Adam Clayton Powell Blvd,1,In Service,False,36
,2,33,,3375,,2017-09-01 12:35:44 PM,40.7699426,,-73.96060712,,3 Ave & E 72 St,,3 Ave & E 72 St,1,In Service,False,35
,5,33,,3376,,2017-09-01 12:38:29 PM,40.7647185194,,-73.9622206986,,E 65 St & 2 Ave,,E 65 St & 2 Ave,1,In Service,False,39
,10,15,,3377,,2017-09-01 12:36:34 PM,40.6786115,,-73.99037292,,Carroll St & Bond St,,Carroll St & Bond St,1,In Service,False,25
,0,27,,3378,,2017-09-01 12:38:24 PM,40.773763,,-73.96222088,,E 76 St & Park Ave,,E 76 St & Park Ave,1,In Service,False,27
,2,33,,3379,,2017-09-01 12:38:55 PM,40.7903051,,-73.94755757,,E 103 St & Lexington Ave,,E 103 St & Lexington Ave,1,In Service,False,35
,9,12,,3381,,2017-09-01 12:37:00 PM,40.6777287,,-73.99364123,,3 St & Hoyt St,,3 St & Hoyt St,1,In Service,False,21
,7,24,,3382,,2017-09-01 12:37:48 PM,40.680611,,-73.99475825,,Carroll St & Smith St,,Carroll St & Smith St,1,In Service,False,31
,0,25,,3383,,2017-09-01 12:35:17 PM,40.804213,,-73.96699104,,Cathedral Pkwy & Broadway,,Cathedral Pkwy & Broadway,1,In Service,False,25
,1,24,,3384,,2017-09-01 12:36:00 PM,40.6787242,,-73.99599099,,Smith St & 3 St,,Smith St & 3 St,1,In Service,False,25
,1,26,,3386,,2017-09-01 12:36:27 PM,40.6809591,,-73.99905709,,1 Pl & Clinton St,,1 Pl & Clinton St,1,In Service,False,27
,11,13,,3387,,2017-09-01 12:38:13 PM,40.7934337,,-73.94945003,,E 106 St & Madison Ave,,E 106 St & Madison Ave,1,In Service,False,25
,13,11,,3388,,2017-09-01 12:37:06 PM,40.6828003,,-73.99990419,,President St & Henry St,,President St & Henry St,1,In Service,False,25
,1,26,,3389,,2017-09-01 12:36:21 PM,40.6830456,,-74.00348559,,Carroll St & Columbia St,,Carroll St & Columbia St,1,In Service,False,28
,3,21,,3390,,2017-09-01 12:35:55 PM,40.79329668,,-73.9432083,,E 109 St & 3 Ave,,E 109 St & 3 Ave,1,In Service,False,24
,11,14,,3391,,2017-09-01 12:37:29 PM,40.7892529,,-73.93956237,,E 106 St & 1 Ave,,E 106 St & 1 Ave,1,In Service,False,25
,8,11,,3392,,2017-09-01 12:36:50 PM,40.6812117,,-74.00860912,,Commerce St & Van Brunt St,,Commerce St & Van Brunt St,1,In Service,False,19
,7,12,,3393,,2017-09-01 12:35:43 PM,40.6794327,,-74.00785041,,Richards St & Delavan St,,Richards St & Delavan St,1,In Service,False,19
,4,17,,3394,,2017-09-01 12:39:07 PM,40.6769993,,-74.00647134,,Columbia St & W 9 St,,Columbia St & W 9 St,1,In Service,False,21
,16,3,,3395,,2017-09-01 12:38:38 PM,40.6763744,,-74.00324957,,Henry St & W 9 St,,Henry St & W 9 St,1,In Service,False,19
,12,13,,3396,,2017-09-01 12:37:03 PM,40.6783563,,-74.00014502,,Clinton St & 4 Place,,Clinton St & 4 Place,1,In Service,False,25
,18,7,,3397,,2017-09-01 12:37:21 PM,40.6763947,,-73.99869893,,Court St & Nelson St,,Court St & Nelson St,1,In Service,False,25
,7,16,,3398,,2017-09-01 12:36:27 PM,40.6746957,,-73.99785768,,Smith St & 9 St,,Smith St & 9 St,1,In Service,False,23
,18,6,,3399,,2017-09-01 12:37:37 PM,40.6726029815,,-73.9898300171,,7 St & 3 Ave,,7 St & 3 Ave,1,In Service,False,24
,0,24,,3400,,2017-09-01 12:38:10 PM,40.7961535,,-73.94782145,,E 110 St & Madison Ave,,E 110 St & Madison Ave,1,In Service,False,24
,6,13,,3401,,2017-09-01 12:37:22 PM,40.6724811,,-73.99331394,,2 Ave & 9 St,,2 Ave & 9 St,1,In Service,False,19
,12,11,,3402,,2017-09-01 12:38:35 PM,40.6902375,,-73.99203074,,Court St & State St,,Court St & State St,1,In Service,False,23
,3,28,,3403,,2017-09-01 12:39:10 PM,40.6705135,,-73.98876585,,4 Ave & 9 St,,4 Ave & 9 St,1,In Service,False,31
,6,21,,3404,,2017-09-01 12:37:50 PM,40.6704922,,-73.98541675,,7 St & 5 Ave,,7 St & 5 Ave,1,In Service,False,27
,4,19,,3405,,2017-09-01 12:35:56 PM,40.6704836,,-73.98208968,,5 St & 6 Ave,,5 St & 6 Ave,1,In Service,False,23
,22,1,,3407,,2017-09-01 12:35:30 PM,40.6790979972,,-73.9876547456,,Union St & Nevins St,,Union St & Nevins St,1,In Service,False,23
,10,17,,3408,,2017-09-01 12:37:12 PM,40.6881529,,-73.99520919,,Congress St & Clinton St,,Congress St & Clinton St,1,In Service,False,27
,23,11,,3409,,2017-09-01 12:38:15 PM,40.6867443,,-73.99063168,,Bergen St & Smith St,,Bergen St & Smith St,1,In Service,False,35
,16,15,,3410,,2017-09-01 12:38:43 PM,40.6864442,,-73.98759104,,Dean St & Hoyt St,,Dean St & Hoyt St,1,In Service,False,31
,4,23,,3411,,2017-09-01 12:38:47 PM,40.6849668,,-73.98620772,,Bond St & Bergen St,,Bond St & Bergen St,1,In Service,False,27
,4,14,,3412,,2017-09-01 12:36:04 PM,40.6853761,,-73.98302136,,Pacific St & Nevins St,,Pacific St & Nevins St,1,In Service,False,18
,7,14,,3413,,2017-09-01 12:35:33 PM,40.6827549,,-73.98258555,,Wyckoff St & 3 Ave,,Wyckoff St & 3 Ave,1,In Service,False,22
,6,27,,3414,,2017-09-01 12:38:09 PM,40.6809447235,,-73.9756733179,,Bergen St & Flatbush Ave,,Bergen St & Flatbush Ave,1,In Service,False,33
,17,8,,3415,,2017-09-01 12:39:11 PM,40.6793307,,-73.97519523,,Prospect Pl & 6 Ave,,Prospect Pl & 6 Ave,1,In Service,False,25
,5,20,,3416,,2017-09-01 12:39:00 PM,40.6776147,,-73.97324283,,7 Ave & Park Pl,,7 Ave & Park Pl,1,In Service,False,25
,21,6,,3417,,2017-09-01 12:36:16 PM,40.6795766,,-73.97854971,,Baltic St & 5 Ave,,Baltic St & 5 Ave,1,In Service,False,27
,8,23,,3418,,2017-09-01 12:37:58 PM,40.6750207,,-73.97111473,,Plaza St West & Flatbush Ave,,Plaza St West & Flatbush Ave,1,In Service,False,33
,25,1,,3419,,2017-09-01 12:36:04 PM,40.6792788,,-73.98154004,,Douglass St & 4 Ave,,Douglass St & 4 Ave,1,In Service,False,27
,16,5,,3420,,2017-09-01 12:37:04 PM,40.6802133,,-73.98432695,,Douglass St & 3 Ave,,Douglass St & 3 Ave,1,In Service,False,21
,17,6,,3421,,2017-09-01 12:39:17 PM,40.6843549,,-73.98901629,,Hoyt St & Warren St,,Hoyt St & Warren St,1,In Service,False,23
,18,2,,3422,,2017-09-01 12:36:25 PM,40.6859296,,-74.00242364,,Columbia St & Degraw St,,Columbia St & Degraw St,1,In Service,False,21
,0,29,,3423,,2017-08-30 08:59:20 PM,40.6610633719,,-73.9794525504,,West Drive & Prospect Park West,,West Drive & Prospect Park West,3,Not In Service,False,29
,2,24,,3424,,2017-09-01 12:38:43 PM,40.791976,,-73.945993,,E 106 St & Lexington Ave,,E 106 St & Lexington Ave,1,In Service,False,27
,2,31,,3425,,2017-09-01 12:38:10 PM,40.7892105,,-73.94370784,,2 Ave  & E 104 St,,2 Ave  & E 104 St,1,In Service,False,33
,37,0,,3427,,2017-09-01 12:39:06 PM,40.7243052725,,-73.9960098267,,Lafayette St & Jersey St,,Lafayette St & Jersey St,1,In Service,False,40
,17,5,,3428,,2017-09-01 12:35:28 PM,40.740983,,-74.001702,,8 Ave & W 16 St,,8 Ave & W 16 St,1,In Service,False,25
,18,20,,3429,,2017-09-01 12:39:13 PM,40.6850680731,,-73.977907598,,Hanson Pl & Ashland Pl,,Hanson Pl & Ashland Pl,1,In Service,False,39
,1,18,,3430,,2017-09-01 12:36:05 PM,40.7190789118,,-73.9422369003,,Richardson St & N Henry St,,Richardson St & N Henry St,1,In Service,False,19
,4,22,,3431,,2017-09-01 12:39:08 PM,40.746524,,-73.977885,,E 35 St & 3 Ave,,E 35 St & 3 Ave,1,In Service,False,26
,6,29,,3434,,2017-09-01 12:38:17 PM,40.7902541733,,-73.9771834016,,W 88 St & West End Ave,,W 88 St & West End Ave,1,In Service,False,35
,36,7,,3435,,2017-09-01 12:39:15 PM,40.718822,,-73.99596,,Grand St & Elizabeth St,,Grand St & Elizabeth St,1,In Service,False,45
,20,10,,3436,,2017-09-01 12:39:13 PM,40.721319,,-74.010065,,Greenwich St & Hubert St,,Greenwich St & Hubert St,1,In Service,False,31
,2,37,,3437,,2017-09-01 12:38:39 PM,40.7931348099,,-73.9770036936,,Riverside Dr & W 91 St,,Riverside Dr & W 91 St,1,In Service,False,39
,0,31,,3438,,2017-09-01 12:37:42 PM,40.7722485377,,-73.9584213495,,E 76 St & 3 Ave,,E 76 St & 3 Ave,1,In Service,False,31
,23,17,,3440,,2017-09-01 12:37:33 PM,40.6924182926,,-73.989494741,,Fulton St & Adams St,,Fulton St & Adams St,1,In Service,False,43
,14,24,,3443,,2017-09-01 12:37:41 PM,40.7613298312,,-73.979820013,,W 52 St & 6 Ave,,W 52 St & 6 Ave,1,In Service,False,39
,4,37,,3447,,2017-09-01 12:36:02 PM,40.7670343231,,-73.9562273026,,E 71 St & 1 Ave,,E 71 St & 1 Ave,1,In Service,False,41
,0,18,,3449,,2017-09-01 12:37:07 PM,40.7214625623,,-73.9480090141,,Eckford St & Engert Ave,,Eckford St & Engert Ave,1,In Service,False,18
,8,34,,3452,,2017-09-01 12:36:23 PM,40.719155717,,-73.94885391,,Bayard St & Leonard St,,Bayard St & Leonard St,1,In Service,False,43
,3,15,,3453,,2017-09-01 12:38:43 PM,40.7133522622,,-73.9491033554,,Devoe St & Lorimer St,,Devoe St & Lorimer St,1,In Service,False,19
,3,21,,3454,,2017-09-01 12:35:42 PM,40.7103685424,,-73.9470595121,,Leonard St & Maujer St,,Leonard St & Maujer St,1,In Service,False,24
,27,8,,3455,,2017-09-01 12:38:46 PM,40.686808205,,-73.9803618193,,Schermerhorn St & 3 Ave,,Schermerhorn St & 3 Ave,1,In Service,False,35
,0,21,,3456,,2017-09-01 12:38:59 PM,40.7163803197,,-73.948212862,,Jackson St & Leonard St,,Jackson St & Leonard St,1,In Service,False,22
,0,0,,3457,,2017-08-15 02:24:03 PM,40.7630259428,,-73.9720952511,,E 58 St & Madison Ave,,E 58 St & Madison Ave,3,Not In Service,False,0
,36,4,,3458,,2017-09-01 12:38:38 PM,40.7630938727,,-73.9783501625,,W 55 St & 6 Ave,,W 55 St & 6 Ave,1,In Service,False,40
,25,9,,3459,,2017-09-01 12:37:02 PM,40.7576322774,,-73.9693057537,,E 53 St & 3 Ave,,E 53 St & 3 Ave,1,In Service,False,34
,26,6,,3461,,2017-09-01 12:35:44 PM,40.7148515053,,-74.0112233162,,Murray St & Greenwich St,,Murray St & Greenwich St,1,In Service,False,33
,22,17,,3462,,2017-09-01 12:36:21 PM,40.7511838746,,-73.9713871479,,E 44 St & 2 Ave,,E 44 St & 2 Ave,1,In Service,False,39
,23,10,,3463,,2017-09-01 12:38:45 PM,40.7353670556,,-73.9879739285,,E 16 St & Irving Pl,,E 16 St & Irving Pl,1,In Service,False,37
,29,5,,3466,,2017-09-01 12:39:09 PM,40.756687206,,-73.9825773239,,W 45 St & 6 Ave,,W 45 St & 6 Ave,1,In Service,False,34
,41,0,,3467,,2017-09-01 12:38:36 PM,40.7249467236,,-74.0016585588,,W Broadway & Spring Street,,W Broadway & Spring Street,1,In Service,False,42
,21,1,,3469,,2017-09-01 12:37:25 PM,40.7318140172,,-73.9599502087,,India St & West St,,India St & West St,1,In Service,False,23
,38,1,,3472,,2017-09-01 12:37:17 PM,40.7427538287,,-74.007473588,,W 15 St & 10 Ave,,W 15 St & 10 Ave,1,In Service,False,39
,19,12,,3474,,2017-09-01 12:37:15 PM,40.7252556953,,-74.0041208267,,6 Ave & Spring St,,6 Ave & Spring St,1,In Service,False,36
,8,16,,3476,,2017-09-01 12:36:18 PM,40.7257699673,,-73.9507395029,,Norman Ave & Leonard St,,Norman Ave & Leonard St,1,In Service,False,25
,22,3,,3477,,2017-09-01 12:37:49 PM,40.6553997745,,-74.0106278658,,39 St & 2 Ave - Citi Bike HQ at Industry City,,39 St & 2 Ave - Citi Bike HQ at Industry City,1,In Service,False,26
,17,26,,3478,,2017-09-01 12:35:53 PM,40.6570886667,,-74.0087020397,,2 Ave & 36 St - Citi Bike HQ at Industry City,,2 Ave & 36 St - Citi Bike HQ at Industry City,1,In Service,False,43
,11,34,,3479,,2017-09-01 12:38:19 PM,40.6851255952,,-74.0253531933,,Picnic Point,,Picnic Point,1,In Service,False,45
,7,10,,3480,,2017-09-01 12:36:50 PM,40.7242940925,,-74.0354825556,,Washington St,,Washington St,1,In Service,False,18
,9,13,,3481,,2017-09-01 12:38:02 PM,40.71649,,-74.04105,,York St,,York St,1,In Service,False,22
,12,19,,3489,,2017-09-01 12:38:29 PM,40.7106999463,,-74.0035414696,,Gold St & Frankfort St,,Gold St & Frankfort St,1,In Service,False,31
